Key,Id,Chinese (Simplified)(zh-CN),Chinese (Traditional)(zh-TW),English(en),Japanese (Japan)(ja-JP),Korean(ko),Thai(th),Vietnamese(vi)
500000Name,,星野休憩徽章,星野休憩徽章,星野休憩徽章,星野休憩徽章,星野休憩徽章,星野休憩徽章,星野休憩徽章
500000Text,,星野休憩徽章,星野休憩徽章,星野休憩徽章,星野休憩徽章,星野休憩徽章,星野休憩徽章,星野休憩徽章
500001Name,,晚风橘绘徽章,晚风橘绘徽章,晚风橘绘徽章,晚风橘绘徽章,晚风橘绘徽章,晚风橘绘徽章,晚风橘绘徽章
500001Text,,晚风橘绘徽章,晚风橘绘徽章,晚风橘绘徽章,晚风橘绘徽章,晚风橘绘徽章,晚风橘绘徽章,晚风橘绘徽章
500002Name,,窗边白笺徽章,窗边白笺徽章,窗边白笺徽章,窗边白笺徽章,窗边白笺徽章,窗边白笺徽章,窗边白笺徽章
500002Text,,窗边白笺徽章,窗边白笺徽章,窗边白笺徽章,窗边白笺徽章,窗边白笺徽章,窗边白笺徽章,窗边白笺徽章
500003Name,,青空信约徽章,青空信约徽章,青空信约徽章,青空信约徽章,青空信约徽章,青空信约徽章,青空信约徽章
500003Text,,青空信约徽章,青空信约徽章,青空信约徽章,青空信约徽章,青空信约徽章,青空信约徽章,青空信约徽章
500004Name,,樱花私语徽章,樱花私语徽章,樱花私语徽章,樱花私语徽章,樱花私语徽章,樱花私语徽章,樱花私语徽章
500004Text,,樱花私语徽章,樱花私语徽章,樱花私语徽章,樱花私语徽章,樱花私语徽章,樱花私语徽章,樱花私语徽章
500005Name,,星轨魔导徽章,星轨魔导徽章,星轨魔导徽章,星轨魔导徽章,星轨魔导徽章,星轨魔导徽章,星轨魔导徽章
500005Text,,星轨魔导徽章,星轨魔导徽章,星轨魔导徽章,星轨魔导徽章,星轨魔导徽章,星轨魔导徽章,星轨魔导徽章
500006Name,,雾境魔女徽章,雾境魔女徽章,雾境魔女徽章,雾境魔女徽章,雾境魔女徽章,雾境魔女徽章,雾境魔女徽章
500006Text,,雾境魔女徽章,雾境魔女徽章,雾境魔女徽章,雾境魔女徽章,雾境魔女徽章,雾境魔女徽章,雾境魔女徽章
500007Name,,月光咒印徽章,月光咒印徽章,月光咒印徽章,月光咒印徽章,月光咒印徽章,月光咒印徽章,月光咒印徽章
500007Text,,月光咒印徽章,月光咒印徽章,月光咒印徽章,月光咒印徽章,月光咒印徽章,月光咒印徽章,月光咒印徽章
500008Name,,冰晶灵使徽章,冰晶灵使徽章,冰晶灵使徽章,冰晶灵使徽章,冰晶灵使徽章,冰晶灵使徽章,冰晶灵使徽章
500008Text,,冰晶灵使徽章,冰晶灵使徽章,冰晶灵使徽章,冰晶灵使徽章,冰晶灵使徽章,冰晶灵使徽章,冰晶灵使徽章
500009Name,,云间神谕徽章,云间神谕徽章,云间神谕徽章,云间神谕徽章,云间神谕徽章,云间神谕徽章,云间神谕徽章
500009Text,,云间神谕徽章,云间神谕徽章,云间神谕徽章,云间神谕徽章,云间神谕徽章,云间神谕徽章,云间神谕徽章
500010Name,,课间碎光徽章,课间碎光徽章,课间碎光徽章,课间碎光徽章,课间碎光徽章,课间碎光徽章,课间碎光徽章
500010Text,,课间碎光徽章,课间碎光徽章,课间碎光徽章,课间碎光徽章,课间碎光徽章,课间碎光徽章,课间碎光徽章
500011Name,,校服晚风徽章,校服晚风徽章,校服晚风徽章,校服晚风徽章,校服晚风徽章,校服晚风徽章,校服晚风徽章
500011Text,,校服晚风徽章,校服晚风徽章,校服晚风徽章,校服晚风徽章,校服晚风徽章,校服晚风徽章,校服晚风徽章
500012Name,,操场落日徽章,操场落日徽章,操场落日徽章,操场落日徽章,操场落日徽章,操场落日徽章,操场落日徽章
500012Text,,操场落日徽章,操场落日徽章,操场落日徽章,操场落日徽章,操场落日徽章,操场落日徽章,操场落日徽章
500013Name,,图书馆秘思徽章,图书馆秘思徽章,图书馆秘思徽章,图书馆秘思徽章,图书馆秘思徽章,图书馆秘思徽章,图书馆秘思徽章
500013Text,,图书馆秘思徽章,图书馆秘思徽章,图书馆秘思徽章,图书馆秘思徽章,图书馆秘思徽章,图书馆秘思徽章,图书馆秘思徽章
500014Name,,天台告白徽章,天台告白徽章,天台告白徽章,天台告白徽章,天台告白徽章,天台告白徽章,天台告白徽章
500014Text,,天台告白徽章,天台告白徽章,天台告白徽章,天台告白徽章,天台告白徽章,天台告白徽章,天台告白徽章
500015Name,,月下青衫徽章,月下青衫徽章,月下青衫徽章,月下青衫徽章,月下青衫徽章,月下青衫徽章,月下青衫徽章
500015Text,,月下青衫徽章,月下青衫徽章,月下青衫徽章,月下青衫徽章,月下青衫徽章,月下青衫徽章,月下青衫徽章
500016Name,,桃枝执扇徽章,桃枝执扇徽章,桃枝执扇徽章,桃枝执扇徽章,桃枝执扇徽章,桃枝执扇徽章,桃枝执扇徽章
500016Text,,桃枝执扇徽章,桃枝执扇徽章,桃枝执扇徽章,桃枝执扇徽章,桃枝执扇徽章,桃枝执扇徽章,桃枝执扇徽章
500017Name,,山河辞赋徽章,山河辞赋徽章,山河辞赋徽章,山河辞赋徽章,山河辞赋徽章,山河辞赋徽章,山河辞赋徽章
500017Text,,山河辞赋徽章,山河辞赋徽章,山河辞赋徽章,山河辞赋徽章,山河辞赋徽章,山河辞赋徽章,山河辞赋徽章
500018Name,,云袖清欢徽章,云袖清欢徽章,云袖清欢徽章,云袖清欢徽章,云袖清欢徽章,云袖清欢徽章,云袖清欢徽章
500018Text,,云袖清欢徽章,云袖清欢徽章,云袖清欢徽章,云袖清欢徽章,云袖清欢徽章,云袖清欢徽章,云袖清欢徽章
500019Name,,灯影红笺徽章,灯影红笺徽章,灯影红笺徽章,灯影红笺徽章,灯影红笺徽章,灯影红笺徽章,灯影红笺徽章
500019Text,,灯影红笺徽章,灯影红笺徽章,灯影红笺徽章,灯影红笺徽章,灯影红笺徽章,灯影红笺徽章,灯影红笺徽章
500020Name,,霓虹战姬徽章,霓虹战姬徽章,霓虹战姬徽章,霓虹战姬徽章,霓虹战姬徽章,霓虹战姬徽章,霓虹战姬徽章
500020Text,,霓虹战姬徽章,霓虹战姬徽章,霓虹战姬徽章,霓虹战姬徽章,霓虹战姬徽章,霓虹战姬徽章,霓虹战姬徽章
500021Name,,深空巡卫徽章,深空巡卫徽章,深空巡卫徽章,深空巡卫徽章,深空巡卫徽章,深空巡卫徽章,深空巡卫徽章
500021Text,,深空巡卫徽章,深空巡卫徽章,深空巡卫徽章,深空巡卫徽章,深空巡卫徽章,深空巡卫徽章,深空巡卫徽章
500022Name,,机甲星旅徽章,机甲星旅徽章,机甲星旅徽章,机甲星旅徽章,机甲星旅徽章,机甲星旅徽章,机甲星旅徽章
500022Text,,机甲星旅徽章,机甲星旅徽章,机甲星旅徽章,机甲星旅徽章,机甲星旅徽章,机甲星旅徽章,机甲星旅徽章
500023Name,,雨夜刃影徽章,雨夜刃影徽章,雨夜刃影徽章,雨夜刃影徽章,雨夜刃影徽章,雨夜刃影徽章,雨夜刃影徽章
500023Text,,雨夜刃影徽章,雨夜刃影徽章,雨夜刃影徽章,雨夜刃影徽章,雨夜刃影徽章,雨夜刃影徽章,雨夜刃影徽章
500024Name,,虚空战歌徽章,虚空战歌徽章,虚空战歌徽章,虚空战歌徽章,虚空战歌徽章,虚空战歌徽章,虚空战歌徽章
500024Text,,虚空战歌徽章,虚空战歌徽章,虚空战歌徽章,虚空战歌徽章,虚空战歌徽章,虚空战歌徽章,虚空战歌徽章
500025Name,,猫屿午后徽章,猫屿午后徽章,猫屿午后徽章,猫屿午后徽章,猫屿午后徽章,猫屿午后徽章,猫屿午后徽章
500025Text,,猫屿午后徽章,猫屿午后徽章,猫屿午后徽章,猫屿午后徽章,猫屿午后徽章,猫屿午后徽章,猫屿午后徽章
500026Name,,雪落狐踪徽章,雪落狐踪徽章,雪落狐踪徽章,雪落狐踪徽章,雪落狐踪徽章,雪落狐踪徽章,雪落狐踪徽章
500026Text,,雪落狐踪徽章,雪落狐踪徽章,雪落狐踪徽章,雪落狐踪徽章,雪落狐踪徽章,雪落狐踪徽章,雪落狐踪徽章
500027Name,,深海人鱼徽章,深海人鱼徽章,深海人鱼徽章,深海人鱼徽章,深海人鱼徽章,深海人鱼徽章,深海人鱼徽章
500027Text,,深海人鱼徽章,深海人鱼徽章,深海人鱼徽章,深海人鱼徽章,深海人鱼徽章,深海人鱼徽章,深海人鱼徽章
500028Name,,林间萤火徽章,林间萤火徽章,林间萤火徽章,林间萤火徽章,林间萤火徽章,林间萤火徽章,林间萤火徽章
500028Text,,林间萤火徽章,林间萤火徽章,林间萤火徽章,林间萤火徽章,林间萤火徽章,林间萤火徽章,林间萤火徽章
500029Name,,浅海碎浪徽章,浅海碎浪徽章,浅海碎浪徽章,浅海碎浪徽章,浅海碎浪徽章,浅海碎浪徽章,浅海碎浪徽章
500029Text,,浅海碎浪徽章,浅海碎浪徽章,浅海碎浪徽章,浅海碎浪徽章,浅海碎浪徽章,浅海碎浪徽章,浅海碎浪徽章
501000Name,,星野休憩画册,星野休憩画册,星野休憩画册,星野休憩画册,星野休憩画册,星野休憩画册,星野休憩画册
501000Text,,星野休憩画册,星野休憩画册,星野休憩画册,星野休憩画册,星野休憩画册,星野休憩画册,星野休憩画册
501001Name,,晚风橘绘画册,晚风橘绘画册,晚风橘绘画册,晚风橘绘画册,晚风橘绘画册,晚风橘绘画册,晚风橘绘画册
501001Text,,晚风橘绘画册,晚风橘绘画册,晚风橘绘画册,晚风橘绘画册,晚风橘绘画册,晚风橘绘画册,晚风橘绘画册
501002Name,,窗边白笺画册,窗边白笺画册,窗边白笺画册,窗边白笺画册,窗边白笺画册,窗边白笺画册,窗边白笺画册
501002Text,,窗边白笺画册,窗边白笺画册,窗边白笺画册,窗边白笺画册,窗边白笺画册,窗边白笺画册,窗边白笺画册
501003Name,,青空信约画册,青空信约画册,青空信约画册,青空信约画册,青空信约画册,青空信约画册,青空信约画册
501003Text,,青空信约画册,青空信约画册,青空信约画册,青空信约画册,青空信约画册,青空信约画册,青空信约画册
501004Name,,樱花私语画册,樱花私语画册,樱花私语画册,樱花私语画册,樱花私语画册,樱花私语画册,樱花私语画册
501004Text,,樱花私语画册,樱花私语画册,樱花私语画册,樱花私语画册,樱花私语画册,樱花私语画册,樱花私语画册
501005Name,,星轨魔导画册,星轨魔导画册,星轨魔导画册,星轨魔导画册,星轨魔导画册,星轨魔导画册,星轨魔导画册
501005Text,,星轨魔导画册,星轨魔导画册,星轨魔导画册,星轨魔导画册,星轨魔导画册,星轨魔导画册,星轨魔导画册
501006Name,,雾境魔女画册,雾境魔女画册,雾境魔女画册,雾境魔女画册,雾境魔女画册,雾境魔女画册,雾境魔女画册
501006Text,,雾境魔女画册,雾境魔女画册,雾境魔女画册,雾境魔女画册,雾境魔女画册,雾境魔女画册,雾境魔女画册
501007Name,,月光咒印画册,月光咒印画册,月光咒印画册,月光咒印画册,月光咒印画册,月光咒印画册,月光咒印画册
501007Text,,月光咒印画册,月光咒印画册,月光咒印画册,月光咒印画册,月光咒印画册,月光咒印画册,月光咒印画册
501008Name,,冰晶灵使画册,冰晶灵使画册,冰晶灵使画册,冰晶灵使画册,冰晶灵使画册,冰晶灵使画册,冰晶灵使画册
501008Text,,冰晶灵使画册,冰晶灵使画册,冰晶灵使画册,冰晶灵使画册,冰晶灵使画册,冰晶灵使画册,冰晶灵使画册
501009Name,,云间神谕画册,云间神谕画册,云间神谕画册,云间神谕画册,云间神谕画册,云间神谕画册,云间神谕画册
501009Text,,云间神谕画册,云间神谕画册,云间神谕画册,云间神谕画册,云间神谕画册,云间神谕画册,云间神谕画册
501010Name,,课间碎光画册,课间碎光画册,课间碎光画册,课间碎光画册,课间碎光画册,课间碎光画册,课间碎光画册
501010Text,,课间碎光画册,课间碎光画册,课间碎光画册,课间碎光画册,课间碎光画册,课间碎光画册,课间碎光画册
501011Name,,校服晚风画册,校服晚风画册,校服晚风画册,校服晚风画册,校服晚风画册,校服晚风画册,校服晚风画册
501011Text,,校服晚风画册,校服晚风画册,校服晚风画册,校服晚风画册,校服晚风画册,校服晚风画册,校服晚风画册
501012Name,,操场落日画册,操场落日画册,操场落日画册,操场落日画册,操场落日画册,操场落日画册,操场落日画册
501012Text,,操场落日画册,操场落日画册,操场落日画册,操场落日画册,操场落日画册,操场落日画册,操场落日画册
501013Name,,图书馆秘思画册,图书馆秘思画册,图书馆秘思画册,图书馆秘思画册,图书馆秘思画册,图书馆秘思画册,图书馆秘思画册
501013Text,,图书馆秘思画册,图书馆秘思画册,图书馆秘思画册,图书馆秘思画册,图书馆秘思画册,图书馆秘思画册,图书馆秘思画册
501014Name,,天台告白画册,天台告白画册,天台告白画册,天台告白画册,天台告白画册,天台告白画册,天台告白画册
501014Text,,天台告白画册,天台告白画册,天台告白画册,天台告白画册,天台告白画册,天台告白画册,天台告白画册
501015Name,,月下青衫画册,月下青衫画册,月下青衫画册,月下青衫画册,月下青衫画册,月下青衫画册,月下青衫画册
501015Text,,月下青衫画册,月下青衫画册,月下青衫画册,月下青衫画册,月下青衫画册,月下青衫画册,月下青衫画册
501016Name,,桃枝执扇画册,桃枝执扇画册,桃枝执扇画册,桃枝执扇画册,桃枝执扇画册,桃枝执扇画册,桃枝执扇画册
501016Text,,桃枝执扇画册,桃枝执扇画册,桃枝执扇画册,桃枝执扇画册,桃枝执扇画册,桃枝执扇画册,桃枝执扇画册
501017Name,,山河辞赋画册,山河辞赋画册,山河辞赋画册,山河辞赋画册,山河辞赋画册,山河辞赋画册,山河辞赋画册
501017Text,,山河辞赋画册,山河辞赋画册,山河辞赋画册,山河辞赋画册,山河辞赋画册,山河辞赋画册,山河辞赋画册
501018Name,,云袖清欢画册,云袖清欢画册,云袖清欢画册,云袖清欢画册,云袖清欢画册,云袖清欢画册,云袖清欢画册
501018Text,,云袖清欢画册,云袖清欢画册,云袖清欢画册,云袖清欢画册,云袖清欢画册,云袖清欢画册,云袖清欢画册
501019Name,,灯影红笺画册,灯影红笺画册,灯影红笺画册,灯影红笺画册,灯影红笺画册,灯影红笺画册,灯影红笺画册
501019Text,,灯影红笺画册,灯影红笺画册,灯影红笺画册,灯影红笺画册,灯影红笺画册,灯影红笺画册,灯影红笺画册
501020Name,,霓虹战姬画册,霓虹战姬画册,霓虹战姬画册,霓虹战姬画册,霓虹战姬画册,霓虹战姬画册,霓虹战姬画册
501020Text,,霓虹战姬画册,霓虹战姬画册,霓虹战姬画册,霓虹战姬画册,霓虹战姬画册,霓虹战姬画册,霓虹战姬画册
501021Name,,深空巡卫画册,深空巡卫画册,深空巡卫画册,深空巡卫画册,深空巡卫画册,深空巡卫画册,深空巡卫画册
501021Text,,深空巡卫画册,深空巡卫画册,深空巡卫画册,深空巡卫画册,深空巡卫画册,深空巡卫画册,深空巡卫画册
501022Name,,机甲星旅画册,机甲星旅画册,机甲星旅画册,机甲星旅画册,机甲星旅画册,机甲星旅画册,机甲星旅画册
501022Text,,机甲星旅画册,机甲星旅画册,机甲星旅画册,机甲星旅画册,机甲星旅画册,机甲星旅画册,机甲星旅画册
501023Name,,雨夜刃影画册,雨夜刃影画册,雨夜刃影画册,雨夜刃影画册,雨夜刃影画册,雨夜刃影画册,雨夜刃影画册
501023Text,,雨夜刃影画册,雨夜刃影画册,雨夜刃影画册,雨夜刃影画册,雨夜刃影画册,雨夜刃影画册,雨夜刃影画册
501024Name,,虚空战歌画册,虚空战歌画册,虚空战歌画册,虚空战歌画册,虚空战歌画册,虚空战歌画册,虚空战歌画册
501024Text,,虚空战歌画册,虚空战歌画册,虚空战歌画册,虚空战歌画册,虚空战歌画册,虚空战歌画册,虚空战歌画册
501025Name,,猫屿午后画册,猫屿午后画册,猫屿午后画册,猫屿午后画册,猫屿午后画册,猫屿午后画册,猫屿午后画册
501025Text,,猫屿午后画册,猫屿午后画册,猫屿午后画册,猫屿午后画册,猫屿午后画册,猫屿午后画册,猫屿午后画册
501026Name,,雪落狐踪画册,雪落狐踪画册,雪落狐踪画册,雪落狐踪画册,雪落狐踪画册,雪落狐踪画册,雪落狐踪画册
501026Text,,雪落狐踪画册,雪落狐踪画册,雪落狐踪画册,雪落狐踪画册,雪落狐踪画册,雪落狐踪画册,雪落狐踪画册
501027Name,,深海人鱼画册,深海人鱼画册,深海人鱼画册,深海人鱼画册,深海人鱼画册,深海人鱼画册,深海人鱼画册
501027Text,,深海人鱼画册,深海人鱼画册,深海人鱼画册,深海人鱼画册,深海人鱼画册,深海人鱼画册,深海人鱼画册
501028Name,,林间萤火画册,林间萤火画册,林间萤火画册,林间萤火画册,林间萤火画册,林间萤火画册,林间萤火画册
501028Text,,林间萤火画册,林间萤火画册,林间萤火画册,林间萤火画册,林间萤火画册,林间萤火画册,林间萤火画册
501029Name,,浅海碎浪画册,浅海碎浪画册,浅海碎浪画册,浅海碎浪画册,浅海碎浪画册,浅海碎浪画册,浅海碎浪画册
501029Text,,浅海碎浪画册,浅海碎浪画册,浅海碎浪画册,浅海碎浪画册,浅海碎浪画册,浅海碎浪画册,浅海碎浪画册
502000Name,,星野休憩抱枕,星野休憩抱枕,星野休憩抱枕,星野休憩抱枕,星野休憩抱枕,星野休憩抱枕,星野休憩抱枕
502000Text,,星野休憩抱枕,星野休憩抱枕,星野休憩抱枕,星野休憩抱枕,星野休憩抱枕,星野休憩抱枕,星野休憩抱枕
502001Name,,晚风橘绘抱枕,晚风橘绘抱枕,晚风橘绘抱枕,晚风橘绘抱枕,晚风橘绘抱枕,晚风橘绘抱枕,晚风橘绘抱枕
502001Text,,晚风橘绘抱枕,晚风橘绘抱枕,晚风橘绘抱枕,晚风橘绘抱枕,晚风橘绘抱枕,晚风橘绘抱枕,晚风橘绘抱枕
502002Name,,窗边白笺抱枕,窗边白笺抱枕,窗边白笺抱枕,窗边白笺抱枕,窗边白笺抱枕,窗边白笺抱枕,窗边白笺抱枕
502002Text,,窗边白笺抱枕,窗边白笺抱枕,窗边白笺抱枕,窗边白笺抱枕,窗边白笺抱枕,窗边白笺抱枕,窗边白笺抱枕
502003Name,,青空信约抱枕,青空信约抱枕,青空信约抱枕,青空信约抱枕,青空信约抱枕,青空信约抱枕,青空信约抱枕
502003Text,,青空信约抱枕,青空信约抱枕,青空信约抱枕,青空信约抱枕,青空信约抱枕,青空信约抱枕,青空信约抱枕
502004Name,,樱花私语抱枕,樱花私语抱枕,樱花私语抱枕,樱花私语抱枕,樱花私语抱枕,樱花私语抱枕,樱花私语抱枕
502004Text,,樱花私语抱枕,樱花私语抱枕,樱花私语抱枕,樱花私语抱枕,樱花私语抱枕,樱花私语抱枕,樱花私语抱枕
502005Name,,星轨魔导抱枕,星轨魔导抱枕,星轨魔导抱枕,星轨魔导抱枕,星轨魔导抱枕,星轨魔导抱枕,星轨魔导抱枕
502005Text,,星轨魔导抱枕,星轨魔导抱枕,星轨魔导抱枕,星轨魔导抱枕,星轨魔导抱枕,星轨魔导抱枕,星轨魔导抱枕
502006Name,,雾境魔女抱枕,雾境魔女抱枕,雾境魔女抱枕,雾境魔女抱枕,雾境魔女抱枕,雾境魔女抱枕,雾境魔女抱枕
502006Text,,雾境魔女抱枕,雾境魔女抱枕,雾境魔女抱枕,雾境魔女抱枕,雾境魔女抱枕,雾境魔女抱枕,雾境魔女抱枕
502007Name,,月光咒印抱枕,月光咒印抱枕,月光咒印抱枕,月光咒印抱枕,月光咒印抱枕,月光咒印抱枕,月光咒印抱枕
502007Text,,月光咒印抱枕,月光咒印抱枕,月光咒印抱枕,月光咒印抱枕,月光咒印抱枕,月光咒印抱枕,月光咒印抱枕
502008Name,,冰晶灵使抱枕,冰晶灵使抱枕,冰晶灵使抱枕,冰晶灵使抱枕,冰晶灵使抱枕,冰晶灵使抱枕,冰晶灵使抱枕
502008Text,,冰晶灵使抱枕,冰晶灵使抱枕,冰晶灵使抱枕,冰晶灵使抱枕,冰晶灵使抱枕,冰晶灵使抱枕,冰晶灵使抱枕
502009Name,,云间神谕抱枕,云间神谕抱枕,云间神谕抱枕,云间神谕抱枕,云间神谕抱枕,云间神谕抱枕,云间神谕抱枕
502009Text,,云间神谕抱枕,云间神谕抱枕,云间神谕抱枕,云间神谕抱枕,云间神谕抱枕,云间神谕抱枕,云间神谕抱枕
502010Name,,课间碎光抱枕,课间碎光抱枕,课间碎光抱枕,课间碎光抱枕,课间碎光抱枕,课间碎光抱枕,课间碎光抱枕
502010Text,,课间碎光抱枕,课间碎光抱枕,课间碎光抱枕,课间碎光抱枕,课间碎光抱枕,课间碎光抱枕,课间碎光抱枕
502011Name,,校服晚风抱枕,校服晚风抱枕,校服晚风抱枕,校服晚风抱枕,校服晚风抱枕,校服晚风抱枕,校服晚风抱枕
502011Text,,校服晚风抱枕,校服晚风抱枕,校服晚风抱枕,校服晚风抱枕,校服晚风抱枕,校服晚风抱枕,校服晚风抱枕
502012Name,,操场落日抱枕,操场落日抱枕,操场落日抱枕,操场落日抱枕,操场落日抱枕,操场落日抱枕,操场落日抱枕
502012Text,,操场落日抱枕,操场落日抱枕,操场落日抱枕,操场落日抱枕,操场落日抱枕,操场落日抱枕,操场落日抱枕
502013Name,,图书馆秘思抱枕,图书馆秘思抱枕,图书馆秘思抱枕,图书馆秘思抱枕,图书馆秘思抱枕,图书馆秘思抱枕,图书馆秘思抱枕
502013Text,,图书馆秘思抱枕,图书馆秘思抱枕,图书馆秘思抱枕,图书馆秘思抱枕,图书馆秘思抱枕,图书馆秘思抱枕,图书馆秘思抱枕
502014Name,,天台告白抱枕,天台告白抱枕,天台告白抱枕,天台告白抱枕,天台告白抱枕,天台告白抱枕,天台告白抱枕
502014Text,,天台告白抱枕,天台告白抱枕,天台告白抱枕,天台告白抱枕,天台告白抱枕,天台告白抱枕,天台告白抱枕
502015Name,,月下青衫抱枕,月下青衫抱枕,月下青衫抱枕,月下青衫抱枕,月下青衫抱枕,月下青衫抱枕,月下青衫抱枕
502015Text,,月下青衫抱枕,月下青衫抱枕,月下青衫抱枕,月下青衫抱枕,月下青衫抱枕,月下青衫抱枕,月下青衫抱枕
502016Name,,桃枝执扇抱枕,桃枝执扇抱枕,桃枝执扇抱枕,桃枝执扇抱枕,桃枝执扇抱枕,桃枝执扇抱枕,桃枝执扇抱枕
502016Text,,桃枝执扇抱枕,桃枝执扇抱枕,桃枝执扇抱枕,桃枝执扇抱枕,桃枝执扇抱枕,桃枝执扇抱枕,桃枝执扇抱枕
502017Name,,山河辞赋抱枕,山河辞赋抱枕,山河辞赋抱枕,山河辞赋抱枕,山河辞赋抱枕,山河辞赋抱枕,山河辞赋抱枕
502017Text,,山河辞赋抱枕,山河辞赋抱枕,山河辞赋抱枕,山河辞赋抱枕,山河辞赋抱枕,山河辞赋抱枕,山河辞赋抱枕
502018Name,,云袖清欢抱枕,云袖清欢抱枕,云袖清欢抱枕,云袖清欢抱枕,云袖清欢抱枕,云袖清欢抱枕,云袖清欢抱枕
502018Text,,云袖清欢抱枕,云袖清欢抱枕,云袖清欢抱枕,云袖清欢抱枕,云袖清欢抱枕,云袖清欢抱枕,云袖清欢抱枕
502019Name,,灯影红笺抱枕,灯影红笺抱枕,灯影红笺抱枕,灯影红笺抱枕,灯影红笺抱枕,灯影红笺抱枕,灯影红笺抱枕
502019Text,,灯影红笺抱枕,灯影红笺抱枕,灯影红笺抱枕,灯影红笺抱枕,灯影红笺抱枕,灯影红笺抱枕,灯影红笺抱枕
502020Name,,霓虹战姬抱枕,霓虹战姬抱枕,霓虹战姬抱枕,霓虹战姬抱枕,霓虹战姬抱枕,霓虹战姬抱枕,霓虹战姬抱枕
502020Text,,霓虹战姬抱枕,霓虹战姬抱枕,霓虹战姬抱枕,霓虹战姬抱枕,霓虹战姬抱枕,霓虹战姬抱枕,霓虹战姬抱枕
502021Name,,深空巡卫抱枕,深空巡卫抱枕,深空巡卫抱枕,深空巡卫抱枕,深空巡卫抱枕,深空巡卫抱枕,深空巡卫抱枕
502021Text,,深空巡卫抱枕,深空巡卫抱枕,深空巡卫抱枕,深空巡卫抱枕,深空巡卫抱枕,深空巡卫抱枕,深空巡卫抱枕
502022Name,,机甲星旅抱枕,机甲星旅抱枕,机甲星旅抱枕,机甲星旅抱枕,机甲星旅抱枕,机甲星旅抱枕,机甲星旅抱枕
502022Text,,机甲星旅抱枕,机甲星旅抱枕,机甲星旅抱枕,机甲星旅抱枕,机甲星旅抱枕,机甲星旅抱枕,机甲星旅抱枕
502023Name,,雨夜刃影抱枕,雨夜刃影抱枕,雨夜刃影抱枕,雨夜刃影抱枕,雨夜刃影抱枕,雨夜刃影抱枕,雨夜刃影抱枕
502023Text,,雨夜刃影抱枕,雨夜刃影抱枕,雨夜刃影抱枕,雨夜刃影抱枕,雨夜刃影抱枕,雨夜刃影抱枕,雨夜刃影抱枕
502024Name,,虚空战歌抱枕,虚空战歌抱枕,虚空战歌抱枕,虚空战歌抱枕,虚空战歌抱枕,虚空战歌抱枕,虚空战歌抱枕
502024Text,,虚空战歌抱枕,虚空战歌抱枕,虚空战歌抱枕,虚空战歌抱枕,虚空战歌抱枕,虚空战歌抱枕,虚空战歌抱枕
502025Name,,猫屿午后抱枕,猫屿午后抱枕,猫屿午后抱枕,猫屿午后抱枕,猫屿午后抱枕,猫屿午后抱枕,猫屿午后抱枕
502025Text,,猫屿午后抱枕,猫屿午后抱枕,猫屿午后抱枕,猫屿午后抱枕,猫屿午后抱枕,猫屿午后抱枕,猫屿午后抱枕
502026Name,,雪落狐踪抱枕,雪落狐踪抱枕,雪落狐踪抱枕,雪落狐踪抱枕,雪落狐踪抱枕,雪落狐踪抱枕,雪落狐踪抱枕
502026Text,,雪落狐踪抱枕,雪落狐踪抱枕,雪落狐踪抱枕,雪落狐踪抱枕,雪落狐踪抱枕,雪落狐踪抱枕,雪落狐踪抱枕
502027Name,,深海人鱼抱枕,深海人鱼抱枕,深海人鱼抱枕,深海人鱼抱枕,深海人鱼抱枕,深海人鱼抱枕,深海人鱼抱枕
502027Text,,深海人鱼抱枕,深海人鱼抱枕,深海人鱼抱枕,深海人鱼抱枕,深海人鱼抱枕,深海人鱼抱枕,深海人鱼抱枕
502028Name,,林间萤火抱枕,林间萤火抱枕,林间萤火抱枕,林间萤火抱枕,林间萤火抱枕,林间萤火抱枕,林间萤火抱枕
502028Text,,林间萤火抱枕,林间萤火抱枕,林间萤火抱枕,林间萤火抱枕,林间萤火抱枕,林间萤火抱枕,林间萤火抱枕
502029Name,,浅海碎浪抱枕,浅海碎浪抱枕,浅海碎浪抱枕,浅海碎浪抱枕,浅海碎浪抱枕,浅海碎浪抱枕,浅海碎浪抱枕
502029Text,,浅海碎浪抱枕,浅海碎浪抱枕,浅海碎浪抱枕,浅海碎浪抱枕,浅海碎浪抱枕,浅海碎浪抱枕,浅海碎浪抱枕
503000Name,,星野休憩毯子,星野休憩毯子,星野休憩毯子,星野休憩毯子,星野休憩毯子,星野休憩毯子,星野休憩毯子
503000Text,,星野休憩毯子,星野休憩毯子,星野休憩毯子,星野休憩毯子,星野休憩毯子,星野休憩毯子,星野休憩毯子
503001Name,,晚风橘绘毯子,晚风橘绘毯子,晚风橘绘毯子,晚风橘绘毯子,晚风橘绘毯子,晚风橘绘毯子,晚风橘绘毯子
503001Text,,晚风橘绘毯子,晚风橘绘毯子,晚风橘绘毯子,晚风橘绘毯子,晚风橘绘毯子,晚风橘绘毯子,晚风橘绘毯子
503002Name,,窗边白笺毯子,窗边白笺毯子,窗边白笺毯子,窗边白笺毯子,窗边白笺毯子,窗边白笺毯子,窗边白笺毯子
503002Text,,窗边白笺毯子,窗边白笺毯子,窗边白笺毯子,窗边白笺毯子,窗边白笺毯子,窗边白笺毯子,窗边白笺毯子
503003Name,,青空信约毯子,青空信约毯子,青空信约毯子,青空信约毯子,青空信约毯子,青空信约毯子,青空信约毯子
503003Text,,青空信约毯子,青空信约毯子,青空信约毯子,青空信约毯子,青空信约毯子,青空信约毯子,青空信约毯子
503004Name,,樱花私语毯子,樱花私语毯子,樱花私语毯子,樱花私语毯子,樱花私语毯子,樱花私语毯子,樱花私语毯子
503004Text,,樱花私语毯子,樱花私语毯子,樱花私语毯子,樱花私语毯子,樱花私语毯子,樱花私语毯子,樱花私语毯子
503005Name,,星轨魔导毯子,星轨魔导毯子,星轨魔导毯子,星轨魔导毯子,星轨魔导毯子,星轨魔导毯子,星轨魔导毯子
503005Text,,星轨魔导毯子,星轨魔导毯子,星轨魔导毯子,星轨魔导毯子,星轨魔导毯子,星轨魔导毯子,星轨魔导毯子
503006Name,,雾境魔女毯子,雾境魔女毯子,雾境魔女毯子,雾境魔女毯子,雾境魔女毯子,雾境魔女毯子,雾境魔女毯子
503006Text,,雾境魔女毯子,雾境魔女毯子,雾境魔女毯子,雾境魔女毯子,雾境魔女毯子,雾境魔女毯子,雾境魔女毯子
503007Name,,月光咒印毯子,月光咒印毯子,月光咒印毯子,月光咒印毯子,月光咒印毯子,月光咒印毯子,月光咒印毯子
503007Text,,月光咒印毯子,月光咒印毯子,月光咒印毯子,月光咒印毯子,月光咒印毯子,月光咒印毯子,月光咒印毯子
503008Name,,冰晶灵使毯子,冰晶灵使毯子,冰晶灵使毯子,冰晶灵使毯子,冰晶灵使毯子,冰晶灵使毯子,冰晶灵使毯子
503008Text,,冰晶灵使毯子,冰晶灵使毯子,冰晶灵使毯子,冰晶灵使毯子,冰晶灵使毯子,冰晶灵使毯子,冰晶灵使毯子
503009Name,,云间神谕毯子,云间神谕毯子,云间神谕毯子,云间神谕毯子,云间神谕毯子,云间神谕毯子,云间神谕毯子
503009Text,,云间神谕毯子,云间神谕毯子,云间神谕毯子,云间神谕毯子,云间神谕毯子,云间神谕毯子,云间神谕毯子
503010Name,,课间碎光毯子,课间碎光毯子,课间碎光毯子,课间碎光毯子,课间碎光毯子,课间碎光毯子,课间碎光毯子
503010Text,,课间碎光毯子,课间碎光毯子,课间碎光毯子,课间碎光毯子,课间碎光毯子,课间碎光毯子,课间碎光毯子
503011Name,,校服晚风毯子,校服晚风毯子,校服晚风毯子,校服晚风毯子,校服晚风毯子,校服晚风毯子,校服晚风毯子
503011Text,,校服晚风毯子,校服晚风毯子,校服晚风毯子,校服晚风毯子,校服晚风毯子,校服晚风毯子,校服晚风毯子
503012Name,,操场落日毯子,操场落日毯子,操场落日毯子,操场落日毯子,操场落日毯子,操场落日毯子,操场落日毯子
503012Text,,操场落日毯子,操场落日毯子,操场落日毯子,操场落日毯子,操场落日毯子,操场落日毯子,操场落日毯子
503013Name,,图书馆秘思毯子,图书馆秘思毯子,图书馆秘思毯子,图书馆秘思毯子,图书馆秘思毯子,图书馆秘思毯子,图书馆秘思毯子
503013Text,,图书馆秘思毯子,图书馆秘思毯子,图书馆秘思毯子,图书馆秘思毯子,图书馆秘思毯子,图书馆秘思毯子,图书馆秘思毯子
503014Name,,天台告白毯子,天台告白毯子,天台告白毯子,天台告白毯子,天台告白毯子,天台告白毯子,天台告白毯子
503014Text,,天台告白毯子,天台告白毯子,天台告白毯子,天台告白毯子,天台告白毯子,天台告白毯子,天台告白毯子
503015Name,,月下青衫毯子,月下青衫毯子,月下青衫毯子,月下青衫毯子,月下青衫毯子,月下青衫毯子,月下青衫毯子
503015Text,,月下青衫毯子,月下青衫毯子,月下青衫毯子,月下青衫毯子,月下青衫毯子,月下青衫毯子,月下青衫毯子
503016Name,,桃枝执扇毯子,桃枝执扇毯子,桃枝执扇毯子,桃枝执扇毯子,桃枝执扇毯子,桃枝执扇毯子,桃枝执扇毯子
503016Text,,桃枝执扇毯子,桃枝执扇毯子,桃枝执扇毯子,桃枝执扇毯子,桃枝执扇毯子,桃枝执扇毯子,桃枝执扇毯子
503017Name,,山河辞赋毯子,山河辞赋毯子,山河辞赋毯子,山河辞赋毯子,山河辞赋毯子,山河辞赋毯子,山河辞赋毯子
503017Text,,山河辞赋毯子,山河辞赋毯子,山河辞赋毯子,山河辞赋毯子,山河辞赋毯子,山河辞赋毯子,山河辞赋毯子
503018Name,,云袖清欢毯子,云袖清欢毯子,云袖清欢毯子,云袖清欢毯子,云袖清欢毯子,云袖清欢毯子,云袖清欢毯子
503018Text,,云袖清欢毯子,云袖清欢毯子,云袖清欢毯子,云袖清欢毯子,云袖清欢毯子,云袖清欢毯子,云袖清欢毯子
503019Name,,灯影红笺毯子,灯影红笺毯子,灯影红笺毯子,灯影红笺毯子,灯影红笺毯子,灯影红笺毯子,灯影红笺毯子
503019Text,,灯影红笺毯子,灯影红笺毯子,灯影红笺毯子,灯影红笺毯子,灯影红笺毯子,灯影红笺毯子,灯影红笺毯子
503020Name,,霓虹战姬毯子,霓虹战姬毯子,霓虹战姬毯子,霓虹战姬毯子,霓虹战姬毯子,霓虹战姬毯子,霓虹战姬毯子
503020Text,,霓虹战姬毯子,霓虹战姬毯子,霓虹战姬毯子,霓虹战姬毯子,霓虹战姬毯子,霓虹战姬毯子,霓虹战姬毯子
503021Name,,深空巡卫毯子,深空巡卫毯子,深空巡卫毯子,深空巡卫毯子,深空巡卫毯子,深空巡卫毯子,深空巡卫毯子
503021Text,,深空巡卫毯子,深空巡卫毯子,深空巡卫毯子,深空巡卫毯子,深空巡卫毯子,深空巡卫毯子,深空巡卫毯子
503022Name,,机甲星旅毯子,机甲星旅毯子,机甲星旅毯子,机甲星旅毯子,机甲星旅毯子,机甲星旅毯子,机甲星旅毯子
503022Text,,机甲星旅毯子,机甲星旅毯子,机甲星旅毯子,机甲星旅毯子,机甲星旅毯子,机甲星旅毯子,机甲星旅毯子
503023Name,,雨夜刃影毯子,雨夜刃影毯子,雨夜刃影毯子,雨夜刃影毯子,雨夜刃影毯子,雨夜刃影毯子,雨夜刃影毯子
503023Text,,雨夜刃影毯子,雨夜刃影毯子,雨夜刃影毯子,雨夜刃影毯子,雨夜刃影毯子,雨夜刃影毯子,雨夜刃影毯子
503024Name,,虚空战歌毯子,虚空战歌毯子,虚空战歌毯子,虚空战歌毯子,虚空战歌毯子,虚空战歌毯子,虚空战歌毯子
503024Text,,虚空战歌毯子,虚空战歌毯子,虚空战歌毯子,虚空战歌毯子,虚空战歌毯子,虚空战歌毯子,虚空战歌毯子
503025Name,,猫屿午后毯子,猫屿午后毯子,猫屿午后毯子,猫屿午后毯子,猫屿午后毯子,猫屿午后毯子,猫屿午后毯子
503025Text,,猫屿午后毯子,猫屿午后毯子,猫屿午后毯子,猫屿午后毯子,猫屿午后毯子,猫屿午后毯子,猫屿午后毯子
503026Name,,雪落狐踪毯子,雪落狐踪毯子,雪落狐踪毯子,雪落狐踪毯子,雪落狐踪毯子,雪落狐踪毯子,雪落狐踪毯子
503026Text,,雪落狐踪毯子,雪落狐踪毯子,雪落狐踪毯子,雪落狐踪毯子,雪落狐踪毯子,雪落狐踪毯子,雪落狐踪毯子
503027Name,,深海人鱼毯子,深海人鱼毯子,深海人鱼毯子,深海人鱼毯子,深海人鱼毯子,深海人鱼毯子,深海人鱼毯子
503027Text,,深海人鱼毯子,深海人鱼毯子,深海人鱼毯子,深海人鱼毯子,深海人鱼毯子,深海人鱼毯子,深海人鱼毯子
503028Name,,林间萤火毯子,林间萤火毯子,林间萤火毯子,林间萤火毯子,林间萤火毯子,林间萤火毯子,林间萤火毯子
503028Text,,林间萤火毯子,林间萤火毯子,林间萤火毯子,林间萤火毯子,林间萤火毯子,林间萤火毯子,林间萤火毯子
503029Name,,浅海碎浪毯子,浅海碎浪毯子,浅海碎浪毯子,浅海碎浪毯子,浅海碎浪毯子,浅海碎浪毯子,浅海碎浪毯子
503029Text,,浅海碎浪毯子,浅海碎浪毯子,浅海碎浪毯子,浅海碎浪毯子,浅海碎浪毯子,浅海碎浪毯子,浅海碎浪毯子
504000Name,,星野休憩立牌,星野休憩立牌,星野休憩立牌,星野休憩立牌,星野休憩立牌,星野休憩立牌,星野休憩立牌
504000Text,,星野休憩立牌,星野休憩立牌,星野休憩立牌,星野休憩立牌,星野休憩立牌,星野休憩立牌,星野休憩立牌
504001Name,,晚风橘绘立牌,晚风橘绘立牌,晚风橘绘立牌,晚风橘绘立牌,晚风橘绘立牌,晚风橘绘立牌,晚风橘绘立牌
504001Text,,晚风橘绘立牌,晚风橘绘立牌,晚风橘绘立牌,晚风橘绘立牌,晚风橘绘立牌,晚风橘绘立牌,晚风橘绘立牌
504002Name,,窗边白笺立牌,窗边白笺立牌,窗边白笺立牌,窗边白笺立牌,窗边白笺立牌,窗边白笺立牌,窗边白笺立牌
504002Text,,窗边白笺立牌,窗边白笺立牌,窗边白笺立牌,窗边白笺立牌,窗边白笺立牌,窗边白笺立牌,窗边白笺立牌
504003Name,,青空信约立牌,青空信约立牌,青空信约立牌,青空信约立牌,青空信约立牌,青空信约立牌,青空信约立牌
504003Text,,青空信约立牌,青空信约立牌,青空信约立牌,青空信约立牌,青空信约立牌,青空信约立牌,青空信约立牌
504004Name,,樱花私语立牌,樱花私语立牌,樱花私语立牌,樱花私语立牌,樱花私语立牌,樱花私语立牌,樱花私语立牌
504004Text,,樱花私语立牌,樱花私语立牌,樱花私语立牌,樱花私语立牌,樱花私语立牌,樱花私语立牌,樱花私语立牌
504005Name,,星轨魔导立牌,星轨魔导立牌,星轨魔导立牌,星轨魔导立牌,星轨魔导立牌,星轨魔导立牌,星轨魔导立牌
504005Text,,星轨魔导立牌,星轨魔导立牌,星轨魔导立牌,星轨魔导立牌,星轨魔导立牌,星轨魔导立牌,星轨魔导立牌
504006Name,,雾境魔女立牌,雾境魔女立牌,雾境魔女立牌,雾境魔女立牌,雾境魔女立牌,雾境魔女立牌,雾境魔女立牌
504006Text,,雾境魔女立牌,雾境魔女立牌,雾境魔女立牌,雾境魔女立牌,雾境魔女立牌,雾境魔女立牌,雾境魔女立牌
504007Name,,月光咒印立牌,月光咒印立牌,月光咒印立牌,月光咒印立牌,月光咒印立牌,月光咒印立牌,月光咒印立牌
504007Text,,月光咒印立牌,月光咒印立牌,月光咒印立牌,月光咒印立牌,月光咒印立牌,月光咒印立牌,月光咒印立牌
504008Name,,冰晶灵使立牌,冰晶灵使立牌,冰晶灵使立牌,冰晶灵使立牌,冰晶灵使立牌,冰晶灵使立牌,冰晶灵使立牌
504008Text,,冰晶灵使立牌,冰晶灵使立牌,冰晶灵使立牌,冰晶灵使立牌,冰晶灵使立牌,冰晶灵使立牌,冰晶灵使立牌
504009Name,,云间神谕立牌,云间神谕立牌,云间神谕立牌,云间神谕立牌,云间神谕立牌,云间神谕立牌,云间神谕立牌
504009Text,,云间神谕立牌,云间神谕立牌,云间神谕立牌,云间神谕立牌,云间神谕立牌,云间神谕立牌,云间神谕立牌
504010Name,,课间碎光立牌,课间碎光立牌,课间碎光立牌,课间碎光立牌,课间碎光立牌,课间碎光立牌,课间碎光立牌
504010Text,,课间碎光立牌,课间碎光立牌,课间碎光立牌,课间碎光立牌,课间碎光立牌,课间碎光立牌,课间碎光立牌
504011Name,,校服晚风立牌,校服晚风立牌,校服晚风立牌,校服晚风立牌,校服晚风立牌,校服晚风立牌,校服晚风立牌
504011Text,,校服晚风立牌,校服晚风立牌,校服晚风立牌,校服晚风立牌,校服晚风立牌,校服晚风立牌,校服晚风立牌
504012Name,,操场落日立牌,操场落日立牌,操场落日立牌,操场落日立牌,操场落日立牌,操场落日立牌,操场落日立牌
504012Text,,操场落日立牌,操场落日立牌,操场落日立牌,操场落日立牌,操场落日立牌,操场落日立牌,操场落日立牌
504013Name,,图书馆秘思立牌,图书馆秘思立牌,图书馆秘思立牌,图书馆秘思立牌,图书馆秘思立牌,图书馆秘思立牌,图书馆秘思立牌
504013Text,,图书馆秘思立牌,图书馆秘思立牌,图书馆秘思立牌,图书馆秘思立牌,图书馆秘思立牌,图书馆秘思立牌,图书馆秘思立牌
504014Name,,天台告白立牌,天台告白立牌,天台告白立牌,天台告白立牌,天台告白立牌,天台告白立牌,天台告白立牌
504014Text,,天台告白立牌,天台告白立牌,天台告白立牌,天台告白立牌,天台告白立牌,天台告白立牌,天台告白立牌
504015Name,,月下青衫立牌,月下青衫立牌,月下青衫立牌,月下青衫立牌,月下青衫立牌,月下青衫立牌,月下青衫立牌
504015Text,,月下青衫立牌,月下青衫立牌,月下青衫立牌,月下青衫立牌,月下青衫立牌,月下青衫立牌,月下青衫立牌
504016Name,,桃枝执扇立牌,桃枝执扇立牌,桃枝执扇立牌,桃枝执扇立牌,桃枝执扇立牌,桃枝执扇立牌,桃枝执扇立牌
504016Text,,桃枝执扇立牌,桃枝执扇立牌,桃枝执扇立牌,桃枝执扇立牌,桃枝执扇立牌,桃枝执扇立牌,桃枝执扇立牌
504017Name,,山河辞赋立牌,山河辞赋立牌,山河辞赋立牌,山河辞赋立牌,山河辞赋立牌,山河辞赋立牌,山河辞赋立牌
504017Text,,山河辞赋立牌,山河辞赋立牌,山河辞赋立牌,山河辞赋立牌,山河辞赋立牌,山河辞赋立牌,山河辞赋立牌
504018Name,,云袖清欢立牌,云袖清欢立牌,云袖清欢立牌,云袖清欢立牌,云袖清欢立牌,云袖清欢立牌,云袖清欢立牌
504018Text,,云袖清欢立牌,云袖清欢立牌,云袖清欢立牌,云袖清欢立牌,云袖清欢立牌,云袖清欢立牌,云袖清欢立牌
504019Name,,灯影红笺立牌,灯影红笺立牌,灯影红笺立牌,灯影红笺立牌,灯影红笺立牌,灯影红笺立牌,灯影红笺立牌
504019Text,,灯影红笺立牌,灯影红笺立牌,灯影红笺立牌,灯影红笺立牌,灯影红笺立牌,灯影红笺立牌,灯影红笺立牌
504020Name,,霓虹战姬立牌,霓虹战姬立牌,霓虹战姬立牌,霓虹战姬立牌,霓虹战姬立牌,霓虹战姬立牌,霓虹战姬立牌
504020Text,,霓虹战姬立牌,霓虹战姬立牌,霓虹战姬立牌,霓虹战姬立牌,霓虹战姬立牌,霓虹战姬立牌,霓虹战姬立牌
504021Name,,深空巡卫立牌,深空巡卫立牌,深空巡卫立牌,深空巡卫立牌,深空巡卫立牌,深空巡卫立牌,深空巡卫立牌
504021Text,,深空巡卫立牌,深空巡卫立牌,深空巡卫立牌,深空巡卫立牌,深空巡卫立牌,深空巡卫立牌,深空巡卫立牌
504022Name,,机甲星旅立牌,机甲星旅立牌,机甲星旅立牌,机甲星旅立牌,机甲星旅立牌,机甲星旅立牌,机甲星旅立牌
504022Text,,机甲星旅立牌,机甲星旅立牌,机甲星旅立牌,机甲星旅立牌,机甲星旅立牌,机甲星旅立牌,机甲星旅立牌
504023Name,,雨夜刃影立牌,雨夜刃影立牌,雨夜刃影立牌,雨夜刃影立牌,雨夜刃影立牌,雨夜刃影立牌,雨夜刃影立牌
504023Text,,雨夜刃影立牌,雨夜刃影立牌,雨夜刃影立牌,雨夜刃影立牌,雨夜刃影立牌,雨夜刃影立牌,雨夜刃影立牌
504024Name,,虚空战歌立牌,虚空战歌立牌,虚空战歌立牌,虚空战歌立牌,虚空战歌立牌,虚空战歌立牌,虚空战歌立牌
504024Text,,虚空战歌立牌,虚空战歌立牌,虚空战歌立牌,虚空战歌立牌,虚空战歌立牌,虚空战歌立牌,虚空战歌立牌
504025Name,,猫屿午后立牌,猫屿午后立牌,猫屿午后立牌,猫屿午后立牌,猫屿午后立牌,猫屿午后立牌,猫屿午后立牌
504025Text,,猫屿午后立牌,猫屿午后立牌,猫屿午后立牌,猫屿午后立牌,猫屿午后立牌,猫屿午后立牌,猫屿午后立牌
504026Name,,雪落狐踪立牌,雪落狐踪立牌,雪落狐踪立牌,雪落狐踪立牌,雪落狐踪立牌,雪落狐踪立牌,雪落狐踪立牌
504026Text,,雪落狐踪立牌,雪落狐踪立牌,雪落狐踪立牌,雪落狐踪立牌,雪落狐踪立牌,雪落狐踪立牌,雪落狐踪立牌
504027Name,,深海人鱼立牌,深海人鱼立牌,深海人鱼立牌,深海人鱼立牌,深海人鱼立牌,深海人鱼立牌,深海人鱼立牌
504027Text,,深海人鱼立牌,深海人鱼立牌,深海人鱼立牌,深海人鱼立牌,深海人鱼立牌,深海人鱼立牌,深海人鱼立牌
504028Name,,林间萤火立牌,林间萤火立牌,林间萤火立牌,林间萤火立牌,林间萤火立牌,林间萤火立牌,林间萤火立牌
504028Text,,林间萤火立牌,林间萤火立牌,林间萤火立牌,林间萤火立牌,林间萤火立牌,林间萤火立牌,林间萤火立牌
504029Name,,浅海碎浪立牌,浅海碎浪立牌,浅海碎浪立牌,浅海碎浪立牌,浅海碎浪立牌,浅海碎浪立牌,浅海碎浪立牌
504029Text,,浅海碎浪立牌,浅海碎浪立牌,浅海碎浪立牌,浅海碎浪立牌,浅海碎浪立牌,浅海碎浪立牌,浅海碎浪立牌
505000Name,,星野休憩明信片,星野休憩明信片,星野休憩明信片,星野休憩明信片,星野休憩明信片,星野休憩明信片,星野休憩明信片
505000Text,,星野休憩明信片,星野休憩明信片,星野休憩明信片,星野休憩明信片,星野休憩明信片,星野休憩明信片,星野休憩明信片
505001Name,,晚风橘绘明信片,晚风橘绘明信片,晚风橘绘明信片,晚风橘绘明信片,晚风橘绘明信片,晚风橘绘明信片,晚风橘绘明信片
505001Text,,晚风橘绘明信片,晚风橘绘明信片,晚风橘绘明信片,晚风橘绘明信片,晚风橘绘明信片,晚风橘绘明信片,晚风橘绘明信片
505002Name,,窗边白笺明信片,窗边白笺明信片,窗边白笺明信片,窗边白笺明信片,窗边白笺明信片,窗边白笺明信片,窗边白笺明信片
505002Text,,窗边白笺明信片,窗边白笺明信片,窗边白笺明信片,窗边白笺明信片,窗边白笺明信片,窗边白笺明信片,窗边白笺明信片
505003Name,,青空信约明信片,青空信约明信片,青空信约明信片,青空信约明信片,青空信约明信片,青空信约明信片,青空信约明信片
505003Text,,青空信约明信片,青空信约明信片,青空信约明信片,青空信约明信片,青空信约明信片,青空信约明信片,青空信约明信片
505004Name,,樱花私语明信片,樱花私语明信片,樱花私语明信片,樱花私语明信片,樱花私语明信片,樱花私语明信片,樱花私语明信片
505004Text,,樱花私语明信片,樱花私语明信片,樱花私语明信片,樱花私语明信片,樱花私语明信片,樱花私语明信片,樱花私语明信片
505005Name,,星轨魔导明信片,星轨魔导明信片,星轨魔导明信片,星轨魔导明信片,星轨魔导明信片,星轨魔导明信片,星轨魔导明信片
505005Text,,星轨魔导明信片,星轨魔导明信片,星轨魔导明信片,星轨魔导明信片,星轨魔导明信片,星轨魔导明信片,星轨魔导明信片
505006Name,,雾境魔女明信片,雾境魔女明信片,雾境魔女明信片,雾境魔女明信片,雾境魔女明信片,雾境魔女明信片,雾境魔女明信片
505006Text,,雾境魔女明信片,雾境魔女明信片,雾境魔女明信片,雾境魔女明信片,雾境魔女明信片,雾境魔女明信片,雾境魔女明信片
505007Name,,月光咒印明信片,月光咒印明信片,月光咒印明信片,月光咒印明信片,月光咒印明信片,月光咒印明信片,月光咒印明信片
505007Text,,月光咒印明信片,月光咒印明信片,月光咒印明信片,月光咒印明信片,月光咒印明信片,月光咒印明信片,月光咒印明信片
505008Name,,冰晶灵使明信片,冰晶灵使明信片,冰晶灵使明信片,冰晶灵使明信片,冰晶灵使明信片,冰晶灵使明信片,冰晶灵使明信片
505008Text,,冰晶灵使明信片,冰晶灵使明信片,冰晶灵使明信片,冰晶灵使明信片,冰晶灵使明信片,冰晶灵使明信片,冰晶灵使明信片
505009Name,,云间神谕明信片,云间神谕明信片,云间神谕明信片,云间神谕明信片,云间神谕明信片,云间神谕明信片,云间神谕明信片
505009Text,,云间神谕明信片,云间神谕明信片,云间神谕明信片,云间神谕明信片,云间神谕明信片,云间神谕明信片,云间神谕明信片
505010Name,,课间碎光明信片,课间碎光明信片,课间碎光明信片,课间碎光明信片,课间碎光明信片,课间碎光明信片,课间碎光明信片
505010Text,,课间碎光明信片,课间碎光明信片,课间碎光明信片,课间碎光明信片,课间碎光明信片,课间碎光明信片,课间碎光明信片
505011Name,,校服晚风明信片,校服晚风明信片,校服晚风明信片,校服晚风明信片,校服晚风明信片,校服晚风明信片,校服晚风明信片
505011Text,,校服晚风明信片,校服晚风明信片,校服晚风明信片,校服晚风明信片,校服晚风明信片,校服晚风明信片,校服晚风明信片
505012Name,,操场落日明信片,操场落日明信片,操场落日明信片,操场落日明信片,操场落日明信片,操场落日明信片,操场落日明信片
505012Text,,操场落日明信片,操场落日明信片,操场落日明信片,操场落日明信片,操场落日明信片,操场落日明信片,操场落日明信片
505013Name,,图书馆秘思明信片,图书馆秘思明信片,图书馆秘思明信片,图书馆秘思明信片,图书馆秘思明信片,图书馆秘思明信片,图书馆秘思明信片
505013Text,,图书馆秘思明信片,图书馆秘思明信片,图书馆秘思明信片,图书馆秘思明信片,图书馆秘思明信片,图书馆秘思明信片,图书馆秘思明信片
505014Name,,天台告白明信片,天台告白明信片,天台告白明信片,天台告白明信片,天台告白明信片,天台告白明信片,天台告白明信片
505014Text,,天台告白明信片,天台告白明信片,天台告白明信片,天台告白明信片,天台告白明信片,天台告白明信片,天台告白明信片
505015Name,,月下青衫明信片,月下青衫明信片,月下青衫明信片,月下青衫明信片,月下青衫明信片,月下青衫明信片,月下青衫明信片
505015Text,,月下青衫明信片,月下青衫明信片,月下青衫明信片,月下青衫明信片,月下青衫明信片,月下青衫明信片,月下青衫明信片
505016Name,,桃枝执扇明信片,桃枝执扇明信片,桃枝执扇明信片,桃枝执扇明信片,桃枝执扇明信片,桃枝执扇明信片,桃枝执扇明信片
505016Text,,桃枝执扇明信片,桃枝执扇明信片,桃枝执扇明信片,桃枝执扇明信片,桃枝执扇明信片,桃枝执扇明信片,桃枝执扇明信片
505017Name,,山河辞赋明信片,山河辞赋明信片,山河辞赋明信片,山河辞赋明信片,山河辞赋明信片,山河辞赋明信片,山河辞赋明信片
505017Text,,山河辞赋明信片,山河辞赋明信片,山河辞赋明信片,山河辞赋明信片,山河辞赋明信片,山河辞赋明信片,山河辞赋明信片
505018Name,,云袖清欢明信片,云袖清欢明信片,云袖清欢明信片,云袖清欢明信片,云袖清欢明信片,云袖清欢明信片,云袖清欢明信片
505018Text,,云袖清欢明信片,云袖清欢明信片,云袖清欢明信片,云袖清欢明信片,云袖清欢明信片,云袖清欢明信片,云袖清欢明信片
505019Name,,灯影红笺明信片,灯影红笺明信片,灯影红笺明信片,灯影红笺明信片,灯影红笺明信片,灯影红笺明信片,灯影红笺明信片
505019Text,,灯影红笺明信片,灯影红笺明信片,灯影红笺明信片,灯影红笺明信片,灯影红笺明信片,灯影红笺明信片,灯影红笺明信片
505020Name,,霓虹战姬明信片,霓虹战姬明信片,霓虹战姬明信片,霓虹战姬明信片,霓虹战姬明信片,霓虹战姬明信片,霓虹战姬明信片
505020Text,,霓虹战姬明信片,霓虹战姬明信片,霓虹战姬明信片,霓虹战姬明信片,霓虹战姬明信片,霓虹战姬明信片,霓虹战姬明信片
505021Name,,深空巡卫明信片,深空巡卫明信片,深空巡卫明信片,深空巡卫明信片,深空巡卫明信片,深空巡卫明信片,深空巡卫明信片
505021Text,,深空巡卫明信片,深空巡卫明信片,深空巡卫明信片,深空巡卫明信片,深空巡卫明信片,深空巡卫明信片,深空巡卫明信片
505022Name,,机甲星旅明信片,机甲星旅明信片,机甲星旅明信片,机甲星旅明信片,机甲星旅明信片,机甲星旅明信片,机甲星旅明信片
505022Text,,机甲星旅明信片,机甲星旅明信片,机甲星旅明信片,机甲星旅明信片,机甲星旅明信片,机甲星旅明信片,机甲星旅明信片
505023Name,,雨夜刃影明信片,雨夜刃影明信片,雨夜刃影明信片,雨夜刃影明信片,雨夜刃影明信片,雨夜刃影明信片,雨夜刃影明信片
505023Text,,雨夜刃影明信片,雨夜刃影明信片,雨夜刃影明信片,雨夜刃影明信片,雨夜刃影明信片,雨夜刃影明信片,雨夜刃影明信片
505024Name,,虚空战歌明信片,虚空战歌明信片,虚空战歌明信片,虚空战歌明信片,虚空战歌明信片,虚空战歌明信片,虚空战歌明信片
505024Text,,虚空战歌明信片,虚空战歌明信片,虚空战歌明信片,虚空战歌明信片,虚空战歌明信片,虚空战歌明信片,虚空战歌明信片
505025Name,,猫屿午后明信片,猫屿午后明信片,猫屿午后明信片,猫屿午后明信片,猫屿午后明信片,猫屿午后明信片,猫屿午后明信片
505025Text,,猫屿午后明信片,猫屿午后明信片,猫屿午后明信片,猫屿午后明信片,猫屿午后明信片,猫屿午后明信片,猫屿午后明信片
505026Name,,雪落狐踪明信片,雪落狐踪明信片,雪落狐踪明信片,雪落狐踪明信片,雪落狐踪明信片,雪落狐踪明信片,雪落狐踪明信片
505026Text,,雪落狐踪明信片,雪落狐踪明信片,雪落狐踪明信片,雪落狐踪明信片,雪落狐踪明信片,雪落狐踪明信片,雪落狐踪明信片
505027Name,,深海人鱼明信片,深海人鱼明信片,深海人鱼明信片,深海人鱼明信片,深海人鱼明信片,深海人鱼明信片,深海人鱼明信片
505027Text,,深海人鱼明信片,深海人鱼明信片,深海人鱼明信片,深海人鱼明信片,深海人鱼明信片,深海人鱼明信片,深海人鱼明信片
505028Name,,林间萤火明信片,林间萤火明信片,林间萤火明信片,林间萤火明信片,林间萤火明信片,林间萤火明信片,林间萤火明信片
505028Text,,林间萤火明信片,林间萤火明信片,林间萤火明信片,林间萤火明信片,林间萤火明信片,林间萤火明信片,林间萤火明信片
505029Name,,浅海碎浪明信片,浅海碎浪明信片,浅海碎浪明信片,浅海碎浪明信片,浅海碎浪明信片,浅海碎浪明信片,浅海碎浪明信片
505029Text,,浅海碎浪明信片,浅海碎浪明信片,浅海碎浪明信片,浅海碎浪明信片,浅海碎浪明信片,浅海碎浪明信片,浅海碎浪明信片
506000Name,,星野休憩帆布包,星野休憩帆布包,星野休憩帆布包,星野休憩帆布包,星野休憩帆布包,星野休憩帆布包,星野休憩帆布包
506000Text,,星野休憩帆布包,星野休憩帆布包,星野休憩帆布包,星野休憩帆布包,星野休憩帆布包,星野休憩帆布包,星野休憩帆布包
506001Name,,晚风橘绘帆布包,晚风橘绘帆布包,晚风橘绘帆布包,晚风橘绘帆布包,晚风橘绘帆布包,晚风橘绘帆布包,晚风橘绘帆布包
506001Text,,晚风橘绘帆布包,晚风橘绘帆布包,晚风橘绘帆布包,晚风橘绘帆布包,晚风橘绘帆布包,晚风橘绘帆布包,晚风橘绘帆布包
506002Name,,窗边白笺帆布包,窗边白笺帆布包,窗边白笺帆布包,窗边白笺帆布包,窗边白笺帆布包,窗边白笺帆布包,窗边白笺帆布包
506002Text,,窗边白笺帆布包,窗边白笺帆布包,窗边白笺帆布包,窗边白笺帆布包,窗边白笺帆布包,窗边白笺帆布包,窗边白笺帆布包
506003Name,,青空信约帆布包,青空信约帆布包,青空信约帆布包,青空信约帆布包,青空信约帆布包,青空信约帆布包,青空信约帆布包
506003Text,,青空信约帆布包,青空信约帆布包,青空信约帆布包,青空信约帆布包,青空信约帆布包,青空信约帆布包,青空信约帆布包
506004Name,,樱花私语帆布包,樱花私语帆布包,樱花私语帆布包,樱花私语帆布包,樱花私语帆布包,樱花私语帆布包,樱花私语帆布包
506004Text,,樱花私语帆布包,樱花私语帆布包,樱花私语帆布包,樱花私语帆布包,樱花私语帆布包,樱花私语帆布包,樱花私语帆布包
506005Name,,星轨魔导帆布包,星轨魔导帆布包,星轨魔导帆布包,星轨魔导帆布包,星轨魔导帆布包,星轨魔导帆布包,星轨魔导帆布包
506005Text,,星轨魔导帆布包,星轨魔导帆布包,星轨魔导帆布包,星轨魔导帆布包,星轨魔导帆布包,星轨魔导帆布包,星轨魔导帆布包
506006Name,,雾境魔女帆布包,雾境魔女帆布包,雾境魔女帆布包,雾境魔女帆布包,雾境魔女帆布包,雾境魔女帆布包,雾境魔女帆布包
506006Text,,雾境魔女帆布包,雾境魔女帆布包,雾境魔女帆布包,雾境魔女帆布包,雾境魔女帆布包,雾境魔女帆布包,雾境魔女帆布包
506007Name,,月光咒印帆布包,月光咒印帆布包,月光咒印帆布包,月光咒印帆布包,月光咒印帆布包,月光咒印帆布包,月光咒印帆布包
506007Text,,月光咒印帆布包,月光咒印帆布包,月光咒印帆布包,月光咒印帆布包,月光咒印帆布包,月光咒印帆布包,月光咒印帆布包
506008Name,,冰晶灵使帆布包,冰晶灵使帆布包,冰晶灵使帆布包,冰晶灵使帆布包,冰晶灵使帆布包,冰晶灵使帆布包,冰晶灵使帆布包
506008Text,,冰晶灵使帆布包,冰晶灵使帆布包,冰晶灵使帆布包,冰晶灵使帆布包,冰晶灵使帆布包,冰晶灵使帆布包,冰晶灵使帆布包
506009Name,,云间神谕帆布包,云间神谕帆布包,云间神谕帆布包,云间神谕帆布包,云间神谕帆布包,云间神谕帆布包,云间神谕帆布包
506009Text,,云间神谕帆布包,云间神谕帆布包,云间神谕帆布包,云间神谕帆布包,云间神谕帆布包,云间神谕帆布包,云间神谕帆布包
506010Name,,课间碎光帆布包,课间碎光帆布包,课间碎光帆布包,课间碎光帆布包,课间碎光帆布包,课间碎光帆布包,课间碎光帆布包
506010Text,,课间碎光帆布包,课间碎光帆布包,课间碎光帆布包,课间碎光帆布包,课间碎光帆布包,课间碎光帆布包,课间碎光帆布包
506011Name,,校服晚风帆布包,校服晚风帆布包,校服晚风帆布包,校服晚风帆布包,校服晚风帆布包,校服晚风帆布包,校服晚风帆布包
506011Text,,校服晚风帆布包,校服晚风帆布包,校服晚风帆布包,校服晚风帆布包,校服晚风帆布包,校服晚风帆布包,校服晚风帆布包
506012Name,,操场落日帆布包,操场落日帆布包,操场落日帆布包,操场落日帆布包,操场落日帆布包,操场落日帆布包,操场落日帆布包
506012Text,,操场落日帆布包,操场落日帆布包,操场落日帆布包,操场落日帆布包,操场落日帆布包,操场落日帆布包,操场落日帆布包
506013Name,,图书馆秘思帆布包,图书馆秘思帆布包,图书馆秘思帆布包,图书馆秘思帆布包,图书馆秘思帆布包,图书馆秘思帆布包,图书馆秘思帆布包
506013Text,,图书馆秘思帆布包,图书馆秘思帆布包,图书馆秘思帆布包,图书馆秘思帆布包,图书馆秘思帆布包,图书馆秘思帆布包,图书馆秘思帆布包
506014Name,,天台告白帆布包,天台告白帆布包,天台告白帆布包,天台告白帆布包,天台告白帆布包,天台告白帆布包,天台告白帆布包
506014Text,,天台告白帆布包,天台告白帆布包,天台告白帆布包,天台告白帆布包,天台告白帆布包,天台告白帆布包,天台告白帆布包
506015Name,,月下青衫帆布包,月下青衫帆布包,月下青衫帆布包,月下青衫帆布包,月下青衫帆布包,月下青衫帆布包,月下青衫帆布包
506015Text,,月下青衫帆布包,月下青衫帆布包,月下青衫帆布包,月下青衫帆布包,月下青衫帆布包,月下青衫帆布包,月下青衫帆布包
506016Name,,桃枝执扇帆布包,桃枝执扇帆布包,桃枝执扇帆布包,桃枝执扇帆布包,桃枝执扇帆布包,桃枝执扇帆布包,桃枝执扇帆布包
506016Text,,桃枝执扇帆布包,桃枝执扇帆布包,桃枝执扇帆布包,桃枝执扇帆布包,桃枝执扇帆布包,桃枝执扇帆布包,桃枝执扇帆布包
506017Name,,山河辞赋帆布包,山河辞赋帆布包,山河辞赋帆布包,山河辞赋帆布包,山河辞赋帆布包,山河辞赋帆布包,山河辞赋帆布包
506017Text,,山河辞赋帆布包,山河辞赋帆布包,山河辞赋帆布包,山河辞赋帆布包,山河辞赋帆布包,山河辞赋帆布包,山河辞赋帆布包
506018Name,,云袖清欢帆布包,云袖清欢帆布包,云袖清欢帆布包,云袖清欢帆布包,云袖清欢帆布包,云袖清欢帆布包,云袖清欢帆布包
506018Text,,云袖清欢帆布包,云袖清欢帆布包,云袖清欢帆布包,云袖清欢帆布包,云袖清欢帆布包,云袖清欢帆布包,云袖清欢帆布包
506019Name,,灯影红笺帆布包,灯影红笺帆布包,灯影红笺帆布包,灯影红笺帆布包,灯影红笺帆布包,灯影红笺帆布包,灯影红笺帆布包
506019Text,,灯影红笺帆布包,灯影红笺帆布包,灯影红笺帆布包,灯影红笺帆布包,灯影红笺帆布包,灯影红笺帆布包,灯影红笺帆布包
506020Name,,霓虹战姬帆布包,霓虹战姬帆布包,霓虹战姬帆布包,霓虹战姬帆布包,霓虹战姬帆布包,霓虹战姬帆布包,霓虹战姬帆布包
506020Text,,霓虹战姬帆布包,霓虹战姬帆布包,霓虹战姬帆布包,霓虹战姬帆布包,霓虹战姬帆布包,霓虹战姬帆布包,霓虹战姬帆布包
506021Name,,深空巡卫帆布包,深空巡卫帆布包,深空巡卫帆布包,深空巡卫帆布包,深空巡卫帆布包,深空巡卫帆布包,深空巡卫帆布包
506021Text,,深空巡卫帆布包,深空巡卫帆布包,深空巡卫帆布包,深空巡卫帆布包,深空巡卫帆布包,深空巡卫帆布包,深空巡卫帆布包
506022Name,,机甲星旅帆布包,机甲星旅帆布包,机甲星旅帆布包,机甲星旅帆布包,机甲星旅帆布包,机甲星旅帆布包,机甲星旅帆布包
506022Text,,机甲星旅帆布包,机甲星旅帆布包,机甲星旅帆布包,机甲星旅帆布包,机甲星旅帆布包,机甲星旅帆布包,机甲星旅帆布包
506023Name,,雨夜刃影帆布包,雨夜刃影帆布包,雨夜刃影帆布包,雨夜刃影帆布包,雨夜刃影帆布包,雨夜刃影帆布包,雨夜刃影帆布包
506023Text,,雨夜刃影帆布包,雨夜刃影帆布包,雨夜刃影帆布包,雨夜刃影帆布包,雨夜刃影帆布包,雨夜刃影帆布包,雨夜刃影帆布包
506024Name,,虚空战歌帆布包,虚空战歌帆布包,虚空战歌帆布包,虚空战歌帆布包,虚空战歌帆布包,虚空战歌帆布包,虚空战歌帆布包
506024Text,,虚空战歌帆布包,虚空战歌帆布包,虚空战歌帆布包,虚空战歌帆布包,虚空战歌帆布包,虚空战歌帆布包,虚空战歌帆布包
506025Name,,猫屿午后帆布包,猫屿午后帆布包,猫屿午后帆布包,猫屿午后帆布包,猫屿午后帆布包,猫屿午后帆布包,猫屿午后帆布包
506025Text,,猫屿午后帆布包,猫屿午后帆布包,猫屿午后帆布包,猫屿午后帆布包,猫屿午后帆布包,猫屿午后帆布包,猫屿午后帆布包
506026Name,,雪落狐踪帆布包,雪落狐踪帆布包,雪落狐踪帆布包,雪落狐踪帆布包,雪落狐踪帆布包,雪落狐踪帆布包,雪落狐踪帆布包
506026Text,,雪落狐踪帆布包,雪落狐踪帆布包,雪落狐踪帆布包,雪落狐踪帆布包,雪落狐踪帆布包,雪落狐踪帆布包,雪落狐踪帆布包
506027Name,,深海人鱼帆布包,深海人鱼帆布包,深海人鱼帆布包,深海人鱼帆布包,深海人鱼帆布包,深海人鱼帆布包,深海人鱼帆布包
506027Text,,深海人鱼帆布包,深海人鱼帆布包,深海人鱼帆布包,深海人鱼帆布包,深海人鱼帆布包,深海人鱼帆布包,深海人鱼帆布包
506028Name,,林间萤火帆布包,林间萤火帆布包,林间萤火帆布包,林间萤火帆布包,林间萤火帆布包,林间萤火帆布包,林间萤火帆布包
506028Text,,林间萤火帆布包,林间萤火帆布包,林间萤火帆布包,林间萤火帆布包,林间萤火帆布包,林间萤火帆布包,林间萤火帆布包
506029Name,,浅海碎浪帆布包,浅海碎浪帆布包,浅海碎浪帆布包,浅海碎浪帆布包,浅海碎浪帆布包,浅海碎浪帆布包,浅海碎浪帆布包
506029Text,,浅海碎浪帆布包,浅海碎浪帆布包,浅海碎浪帆布包,浅海碎浪帆布包,浅海碎浪帆布包,浅海碎浪帆布包,浅海碎浪帆布包
507000Name,,星野休憩文件夹,星野休憩文件夹,星野休憩文件夹,星野休憩文件夹,星野休憩文件夹,星野休憩文件夹,星野休憩文件夹
507000Text,,星野休憩文件夹,星野休憩文件夹,星野休憩文件夹,星野休憩文件夹,星野休憩文件夹,星野休憩文件夹,星野休憩文件夹
507001Name,,晚风橘绘文件夹,晚风橘绘文件夹,晚风橘绘文件夹,晚风橘绘文件夹,晚风橘绘文件夹,晚风橘绘文件夹,晚风橘绘文件夹
507001Text,,晚风橘绘文件夹,晚风橘绘文件夹,晚风橘绘文件夹,晚风橘绘文件夹,晚风橘绘文件夹,晚风橘绘文件夹,晚风橘绘文件夹
507002Name,,窗边白笺文件夹,窗边白笺文件夹,窗边白笺文件夹,窗边白笺文件夹,窗边白笺文件夹,窗边白笺文件夹,窗边白笺文件夹
507002Text,,窗边白笺文件夹,窗边白笺文件夹,窗边白笺文件夹,窗边白笺文件夹,窗边白笺文件夹,窗边白笺文件夹,窗边白笺文件夹
507003Name,,青空信约文件夹,青空信约文件夹,青空信约文件夹,青空信约文件夹,青空信约文件夹,青空信约文件夹,青空信约文件夹
507003Text,,青空信约文件夹,青空信约文件夹,青空信约文件夹,青空信约文件夹,青空信约文件夹,青空信约文件夹,青空信约文件夹
507004Name,,樱花私语文件夹,樱花私语文件夹,樱花私语文件夹,樱花私语文件夹,樱花私语文件夹,樱花私语文件夹,樱花私语文件夹
507004Text,,樱花私语文件夹,樱花私语文件夹,樱花私语文件夹,樱花私语文件夹,樱花私语文件夹,樱花私语文件夹,樱花私语文件夹
507005Name,,星轨魔导文件夹,星轨魔导文件夹,星轨魔导文件夹,星轨魔导文件夹,星轨魔导文件夹,星轨魔导文件夹,星轨魔导文件夹
507005Text,,星轨魔导文件夹,星轨魔导文件夹,星轨魔导文件夹,星轨魔导文件夹,星轨魔导文件夹,星轨魔导文件夹,星轨魔导文件夹
507006Name,,雾境魔女文件夹,雾境魔女文件夹,雾境魔女文件夹,雾境魔女文件夹,雾境魔女文件夹,雾境魔女文件夹,雾境魔女文件夹
507006Text,,雾境魔女文件夹,雾境魔女文件夹,雾境魔女文件夹,雾境魔女文件夹,雾境魔女文件夹,雾境魔女文件夹,雾境魔女文件夹
507007Name,,月光咒印文件夹,月光咒印文件夹,月光咒印文件夹,月光咒印文件夹,月光咒印文件夹,月光咒印文件夹,月光咒印文件夹
507007Text,,月光咒印文件夹,月光咒印文件夹,月光咒印文件夹,月光咒印文件夹,月光咒印文件夹,月光咒印文件夹,月光咒印文件夹
507008Name,,冰晶灵使文件夹,冰晶灵使文件夹,冰晶灵使文件夹,冰晶灵使文件夹,冰晶灵使文件夹,冰晶灵使文件夹,冰晶灵使文件夹
507008Text,,冰晶灵使文件夹,冰晶灵使文件夹,冰晶灵使文件夹,冰晶灵使文件夹,冰晶灵使文件夹,冰晶灵使文件夹,冰晶灵使文件夹
507009Name,,云间神谕文件夹,云间神谕文件夹,云间神谕文件夹,云间神谕文件夹,云间神谕文件夹,云间神谕文件夹,云间神谕文件夹
507009Text,,云间神谕文件夹,云间神谕文件夹,云间神谕文件夹,云间神谕文件夹,云间神谕文件夹,云间神谕文件夹,云间神谕文件夹
507010Name,,课间碎光文件夹,课间碎光文件夹,课间碎光文件夹,课间碎光文件夹,课间碎光文件夹,课间碎光文件夹,课间碎光文件夹
507010Text,,课间碎光文件夹,课间碎光文件夹,课间碎光文件夹,课间碎光文件夹,课间碎光文件夹,课间碎光文件夹,课间碎光文件夹
507011Name,,校服晚风文件夹,校服晚风文件夹,校服晚风文件夹,校服晚风文件夹,校服晚风文件夹,校服晚风文件夹,校服晚风文件夹
507011Text,,校服晚风文件夹,校服晚风文件夹,校服晚风文件夹,校服晚风文件夹,校服晚风文件夹,校服晚风文件夹,校服晚风文件夹
507012Name,,操场落日文件夹,操场落日文件夹,操场落日文件夹,操场落日文件夹,操场落日文件夹,操场落日文件夹,操场落日文件夹
507012Text,,操场落日文件夹,操场落日文件夹,操场落日文件夹,操场落日文件夹,操场落日文件夹,操场落日文件夹,操场落日文件夹
507013Name,,图书馆秘思文件夹,图书馆秘思文件夹,图书馆秘思文件夹,图书馆秘思文件夹,图书馆秘思文件夹,图书馆秘思文件夹,图书馆秘思文件夹
507013Text,,图书馆秘思文件夹,图书馆秘思文件夹,图书馆秘思文件夹,图书馆秘思文件夹,图书馆秘思文件夹,图书馆秘思文件夹,图书馆秘思文件夹
507014Name,,天台告白文件夹,天台告白文件夹,天台告白文件夹,天台告白文件夹,天台告白文件夹,天台告白文件夹,天台告白文件夹
507014Text,,天台告白文件夹,天台告白文件夹,天台告白文件夹,天台告白文件夹,天台告白文件夹,天台告白文件夹,天台告白文件夹
507015Name,,月下青衫文件夹,月下青衫文件夹,月下青衫文件夹,月下青衫文件夹,月下青衫文件夹,月下青衫文件夹,月下青衫文件夹
507015Text,,月下青衫文件夹,月下青衫文件夹,月下青衫文件夹,月下青衫文件夹,月下青衫文件夹,月下青衫文件夹,月下青衫文件夹
507016Name,,桃枝执扇文件夹,桃枝执扇文件夹,桃枝执扇文件夹,桃枝执扇文件夹,桃枝执扇文件夹,桃枝执扇文件夹,桃枝执扇文件夹
507016Text,,桃枝执扇文件夹,桃枝执扇文件夹,桃枝执扇文件夹,桃枝执扇文件夹,桃枝执扇文件夹,桃枝执扇文件夹,桃枝执扇文件夹
507017Name,,山河辞赋文件夹,山河辞赋文件夹,山河辞赋文件夹,山河辞赋文件夹,山河辞赋文件夹,山河辞赋文件夹,山河辞赋文件夹
507017Text,,山河辞赋文件夹,山河辞赋文件夹,山河辞赋文件夹,山河辞赋文件夹,山河辞赋文件夹,山河辞赋文件夹,山河辞赋文件夹
507018Name,,云袖清欢文件夹,云袖清欢文件夹,云袖清欢文件夹,云袖清欢文件夹,云袖清欢文件夹,云袖清欢文件夹,云袖清欢文件夹
507018Text,,云袖清欢文件夹,云袖清欢文件夹,云袖清欢文件夹,云袖清欢文件夹,云袖清欢文件夹,云袖清欢文件夹,云袖清欢文件夹
507019Name,,灯影红笺文件夹,灯影红笺文件夹,灯影红笺文件夹,灯影红笺文件夹,灯影红笺文件夹,灯影红笺文件夹,灯影红笺文件夹
507019Text,,灯影红笺文件夹,灯影红笺文件夹,灯影红笺文件夹,灯影红笺文件夹,灯影红笺文件夹,灯影红笺文件夹,灯影红笺文件夹
507020Name,,霓虹战姬文件夹,霓虹战姬文件夹,霓虹战姬文件夹,霓虹战姬文件夹,霓虹战姬文件夹,霓虹战姬文件夹,霓虹战姬文件夹
507020Text,,霓虹战姬文件夹,霓虹战姬文件夹,霓虹战姬文件夹,霓虹战姬文件夹,霓虹战姬文件夹,霓虹战姬文件夹,霓虹战姬文件夹
507021Name,,深空巡卫文件夹,深空巡卫文件夹,深空巡卫文件夹,深空巡卫文件夹,深空巡卫文件夹,深空巡卫文件夹,深空巡卫文件夹
507021Text,,深空巡卫文件夹,深空巡卫文件夹,深空巡卫文件夹,深空巡卫文件夹,深空巡卫文件夹,深空巡卫文件夹,深空巡卫文件夹
507022Name,,机甲星旅文件夹,机甲星旅文件夹,机甲星旅文件夹,机甲星旅文件夹,机甲星旅文件夹,机甲星旅文件夹,机甲星旅文件夹
507022Text,,机甲星旅文件夹,机甲星旅文件夹,机甲星旅文件夹,机甲星旅文件夹,机甲星旅文件夹,机甲星旅文件夹,机甲星旅文件夹
507023Name,,雨夜刃影文件夹,雨夜刃影文件夹,雨夜刃影文件夹,雨夜刃影文件夹,雨夜刃影文件夹,雨夜刃影文件夹,雨夜刃影文件夹
507023Text,,雨夜刃影文件夹,雨夜刃影文件夹,雨夜刃影文件夹,雨夜刃影文件夹,雨夜刃影文件夹,雨夜刃影文件夹,雨夜刃影文件夹
507024Name,,虚空战歌文件夹,虚空战歌文件夹,虚空战歌文件夹,虚空战歌文件夹,虚空战歌文件夹,虚空战歌文件夹,虚空战歌文件夹
507024Text,,虚空战歌文件夹,虚空战歌文件夹,虚空战歌文件夹,虚空战歌文件夹,虚空战歌文件夹,虚空战歌文件夹,虚空战歌文件夹
507025Name,,猫屿午后文件夹,猫屿午后文件夹,猫屿午后文件夹,猫屿午后文件夹,猫屿午后文件夹,猫屿午后文件夹,猫屿午后文件夹
507025Text,,猫屿午后文件夹,猫屿午后文件夹,猫屿午后文件夹,猫屿午后文件夹,猫屿午后文件夹,猫屿午后文件夹,猫屿午后文件夹
507026Name,,雪落狐踪文件夹,雪落狐踪文件夹,雪落狐踪文件夹,雪落狐踪文件夹,雪落狐踪文件夹,雪落狐踪文件夹,雪落狐踪文件夹
507026Text,,雪落狐踪文件夹,雪落狐踪文件夹,雪落狐踪文件夹,雪落狐踪文件夹,雪落狐踪文件夹,雪落狐踪文件夹,雪落狐踪文件夹
507027Name,,深海人鱼文件夹,深海人鱼文件夹,深海人鱼文件夹,深海人鱼文件夹,深海人鱼文件夹,深海人鱼文件夹,深海人鱼文件夹
507027Text,,深海人鱼文件夹,深海人鱼文件夹,深海人鱼文件夹,深海人鱼文件夹,深海人鱼文件夹,深海人鱼文件夹,深海人鱼文件夹
507028Name,,林间萤火文件夹,林间萤火文件夹,林间萤火文件夹,林间萤火文件夹,林间萤火文件夹,林间萤火文件夹,林间萤火文件夹
507028Text,,林间萤火文件夹,林间萤火文件夹,林间萤火文件夹,林间萤火文件夹,林间萤火文件夹,林间萤火文件夹,林间萤火文件夹
507029Name,,浅海碎浪文件夹,浅海碎浪文件夹,浅海碎浪文件夹,浅海碎浪文件夹,浅海碎浪文件夹,浅海碎浪文件夹,浅海碎浪文件夹
507029Text,,浅海碎浪文件夹,浅海碎浪文件夹,浅海碎浪文件夹,浅海碎浪文件夹,浅海碎浪文件夹,浅海碎浪文件夹,浅海碎浪文件夹
508000Name,,星野休憩挂轴,星野休憩挂轴,星野休憩挂轴,星野休憩挂轴,星野休憩挂轴,星野休憩挂轴,星野休憩挂轴
508000Text,,星野休憩挂轴,星野休憩挂轴,星野休憩挂轴,星野休憩挂轴,星野休憩挂轴,星野休憩挂轴,星野休憩挂轴
508001Name,,晚风橘绘挂轴,晚风橘绘挂轴,晚风橘绘挂轴,晚风橘绘挂轴,晚风橘绘挂轴,晚风橘绘挂轴,晚风橘绘挂轴
508001Text,,晚风橘绘挂轴,晚风橘绘挂轴,晚风橘绘挂轴,晚风橘绘挂轴,晚风橘绘挂轴,晚风橘绘挂轴,晚风橘绘挂轴
508002Name,,窗边白笺挂轴,窗边白笺挂轴,窗边白笺挂轴,窗边白笺挂轴,窗边白笺挂轴,窗边白笺挂轴,窗边白笺挂轴
508002Text,,窗边白笺挂轴,窗边白笺挂轴,窗边白笺挂轴,窗边白笺挂轴,窗边白笺挂轴,窗边白笺挂轴,窗边白笺挂轴
508003Name,,青空信约挂轴,青空信约挂轴,青空信约挂轴,青空信约挂轴,青空信约挂轴,青空信约挂轴,青空信约挂轴
508003Text,,青空信约挂轴,青空信约挂轴,青空信约挂轴,青空信约挂轴,青空信约挂轴,青空信约挂轴,青空信约挂轴
508004Name,,樱花私语挂轴,樱花私语挂轴,樱花私语挂轴,樱花私语挂轴,樱花私语挂轴,樱花私语挂轴,樱花私语挂轴
508004Text,,樱花私语挂轴,樱花私语挂轴,樱花私语挂轴,樱花私语挂轴,樱花私语挂轴,樱花私语挂轴,樱花私语挂轴
508005Name,,星轨魔导挂轴,星轨魔导挂轴,星轨魔导挂轴,星轨魔导挂轴,星轨魔导挂轴,星轨魔导挂轴,星轨魔导挂轴
508005Text,,星轨魔导挂轴,星轨魔导挂轴,星轨魔导挂轴,星轨魔导挂轴,星轨魔导挂轴,星轨魔导挂轴,星轨魔导挂轴
508006Name,,雾境魔女挂轴,雾境魔女挂轴,雾境魔女挂轴,雾境魔女挂轴,雾境魔女挂轴,雾境魔女挂轴,雾境魔女挂轴
508006Text,,雾境魔女挂轴,雾境魔女挂轴,雾境魔女挂轴,雾境魔女挂轴,雾境魔女挂轴,雾境魔女挂轴,雾境魔女挂轴
508007Name,,月光咒印挂轴,月光咒印挂轴,月光咒印挂轴,月光咒印挂轴,月光咒印挂轴,月光咒印挂轴,月光咒印挂轴
508007Text,,月光咒印挂轴,月光咒印挂轴,月光咒印挂轴,月光咒印挂轴,月光咒印挂轴,月光咒印挂轴,月光咒印挂轴
508008Name,,冰晶灵使挂轴,冰晶灵使挂轴,冰晶灵使挂轴,冰晶灵使挂轴,冰晶灵使挂轴,冰晶灵使挂轴,冰晶灵使挂轴
508008Text,,冰晶灵使挂轴,冰晶灵使挂轴,冰晶灵使挂轴,冰晶灵使挂轴,冰晶灵使挂轴,冰晶灵使挂轴,冰晶灵使挂轴
508009Name,,云间神谕挂轴,云间神谕挂轴,云间神谕挂轴,云间神谕挂轴,云间神谕挂轴,云间神谕挂轴,云间神谕挂轴
508009Text,,云间神谕挂轴,云间神谕挂轴,云间神谕挂轴,云间神谕挂轴,云间神谕挂轴,云间神谕挂轴,云间神谕挂轴
508010Name,,课间碎光挂轴,课间碎光挂轴,课间碎光挂轴,课间碎光挂轴,课间碎光挂轴,课间碎光挂轴,课间碎光挂轴
508010Text,,课间碎光挂轴,课间碎光挂轴,课间碎光挂轴,课间碎光挂轴,课间碎光挂轴,课间碎光挂轴,课间碎光挂轴
508011Name,,校服晚风挂轴,校服晚风挂轴,校服晚风挂轴,校服晚风挂轴,校服晚风挂轴,校服晚风挂轴,校服晚风挂轴
508011Text,,校服晚风挂轴,校服晚风挂轴,校服晚风挂轴,校服晚风挂轴,校服晚风挂轴,校服晚风挂轴,校服晚风挂轴
508012Name,,操场落日挂轴,操场落日挂轴,操场落日挂轴,操场落日挂轴,操场落日挂轴,操场落日挂轴,操场落日挂轴
508012Text,,操场落日挂轴,操场落日挂轴,操场落日挂轴,操场落日挂轴,操场落日挂轴,操场落日挂轴,操场落日挂轴
508013Name,,图书馆秘思挂轴,图书馆秘思挂轴,图书馆秘思挂轴,图书馆秘思挂轴,图书馆秘思挂轴,图书馆秘思挂轴,图书馆秘思挂轴
508013Text,,图书馆秘思挂轴,图书馆秘思挂轴,图书馆秘思挂轴,图书馆秘思挂轴,图书馆秘思挂轴,图书馆秘思挂轴,图书馆秘思挂轴
508014Name,,天台告白挂轴,天台告白挂轴,天台告白挂轴,天台告白挂轴,天台告白挂轴,天台告白挂轴,天台告白挂轴
508014Text,,天台告白挂轴,天台告白挂轴,天台告白挂轴,天台告白挂轴,天台告白挂轴,天台告白挂轴,天台告白挂轴
508015Name,,月下青衫挂轴,月下青衫挂轴,月下青衫挂轴,月下青衫挂轴,月下青衫挂轴,月下青衫挂轴,月下青衫挂轴
508015Text,,月下青衫挂轴,月下青衫挂轴,月下青衫挂轴,月下青衫挂轴,月下青衫挂轴,月下青衫挂轴,月下青衫挂轴
508016Name,,桃枝执扇挂轴,桃枝执扇挂轴,桃枝执扇挂轴,桃枝执扇挂轴,桃枝执扇挂轴,桃枝执扇挂轴,桃枝执扇挂轴
508016Text,,桃枝执扇挂轴,桃枝执扇挂轴,桃枝执扇挂轴,桃枝执扇挂轴,桃枝执扇挂轴,桃枝执扇挂轴,桃枝执扇挂轴
508017Name,,山河辞赋挂轴,山河辞赋挂轴,山河辞赋挂轴,山河辞赋挂轴,山河辞赋挂轴,山河辞赋挂轴,山河辞赋挂轴
508017Text,,山河辞赋挂轴,山河辞赋挂轴,山河辞赋挂轴,山河辞赋挂轴,山河辞赋挂轴,山河辞赋挂轴,山河辞赋挂轴
508018Name,,云袖清欢挂轴,云袖清欢挂轴,云袖清欢挂轴,云袖清欢挂轴,云袖清欢挂轴,云袖清欢挂轴,云袖清欢挂轴
508018Text,,云袖清欢挂轴,云袖清欢挂轴,云袖清欢挂轴,云袖清欢挂轴,云袖清欢挂轴,云袖清欢挂轴,云袖清欢挂轴
508019Name,,灯影红笺挂轴,灯影红笺挂轴,灯影红笺挂轴,灯影红笺挂轴,灯影红笺挂轴,灯影红笺挂轴,灯影红笺挂轴
508019Text,,灯影红笺挂轴,灯影红笺挂轴,灯影红笺挂轴,灯影红笺挂轴,灯影红笺挂轴,灯影红笺挂轴,灯影红笺挂轴
508020Name,,霓虹战姬挂轴,霓虹战姬挂轴,霓虹战姬挂轴,霓虹战姬挂轴,霓虹战姬挂轴,霓虹战姬挂轴,霓虹战姬挂轴
508020Text,,霓虹战姬挂轴,霓虹战姬挂轴,霓虹战姬挂轴,霓虹战姬挂轴,霓虹战姬挂轴,霓虹战姬挂轴,霓虹战姬挂轴
508021Name,,深空巡卫挂轴,深空巡卫挂轴,深空巡卫挂轴,深空巡卫挂轴,深空巡卫挂轴,深空巡卫挂轴,深空巡卫挂轴
508021Text,,深空巡卫挂轴,深空巡卫挂轴,深空巡卫挂轴,深空巡卫挂轴,深空巡卫挂轴,深空巡卫挂轴,深空巡卫挂轴
508022Name,,机甲星旅挂轴,机甲星旅挂轴,机甲星旅挂轴,机甲星旅挂轴,机甲星旅挂轴,机甲星旅挂轴,机甲星旅挂轴
508022Text,,机甲星旅挂轴,机甲星旅挂轴,机甲星旅挂轴,机甲星旅挂轴,机甲星旅挂轴,机甲星旅挂轴,机甲星旅挂轴
508023Name,,雨夜刃影挂轴,雨夜刃影挂轴,雨夜刃影挂轴,雨夜刃影挂轴,雨夜刃影挂轴,雨夜刃影挂轴,雨夜刃影挂轴
508023Text,,雨夜刃影挂轴,雨夜刃影挂轴,雨夜刃影挂轴,雨夜刃影挂轴,雨夜刃影挂轴,雨夜刃影挂轴,雨夜刃影挂轴
508024Name,,虚空战歌挂轴,虚空战歌挂轴,虚空战歌挂轴,虚空战歌挂轴,虚空战歌挂轴,虚空战歌挂轴,虚空战歌挂轴
508024Text,,虚空战歌挂轴,虚空战歌挂轴,虚空战歌挂轴,虚空战歌挂轴,虚空战歌挂轴,虚空战歌挂轴,虚空战歌挂轴
508025Name,,猫屿午后挂轴,猫屿午后挂轴,猫屿午后挂轴,猫屿午后挂轴,猫屿午后挂轴,猫屿午后挂轴,猫屿午后挂轴
508025Text,,猫屿午后挂轴,猫屿午后挂轴,猫屿午后挂轴,猫屿午后挂轴,猫屿午后挂轴,猫屿午后挂轴,猫屿午后挂轴
508026Name,,雪落狐踪挂轴,雪落狐踪挂轴,雪落狐踪挂轴,雪落狐踪挂轴,雪落狐踪挂轴,雪落狐踪挂轴,雪落狐踪挂轴
508026Text,,雪落狐踪挂轴,雪落狐踪挂轴,雪落狐踪挂轴,雪落狐踪挂轴,雪落狐踪挂轴,雪落狐踪挂轴,雪落狐踪挂轴
508027Name,,深海人鱼挂轴,深海人鱼挂轴,深海人鱼挂轴,深海人鱼挂轴,深海人鱼挂轴,深海人鱼挂轴,深海人鱼挂轴
508027Text,,深海人鱼挂轴,深海人鱼挂轴,深海人鱼挂轴,深海人鱼挂轴,深海人鱼挂轴,深海人鱼挂轴,深海人鱼挂轴
508028Name,,林间萤火挂轴,林间萤火挂轴,林间萤火挂轴,林间萤火挂轴,林间萤火挂轴,林间萤火挂轴,林间萤火挂轴
508028Text,,林间萤火挂轴,林间萤火挂轴,林间萤火挂轴,林间萤火挂轴,林间萤火挂轴,林间萤火挂轴,林间萤火挂轴
508029Name,,浅海碎浪挂轴,浅海碎浪挂轴,浅海碎浪挂轴,浅海碎浪挂轴,浅海碎浪挂轴,浅海碎浪挂轴,浅海碎浪挂轴
508029Text,,浅海碎浪挂轴,浅海碎浪挂轴,浅海碎浪挂轴,浅海碎浪挂轴,浅海碎浪挂轴,浅海碎浪挂轴,浅海碎浪挂轴
509000Name,,星野休憩海报,星野休憩海报,星野休憩海报,星野休憩海报,星野休憩海报,星野休憩海报,星野休憩海报
509000Text,,星野休憩海报,星野休憩海报,星野休憩海报,星野休憩海报,星野休憩海报,星野休憩海报,星野休憩海报
509001Name,,晚风橘绘海报,晚风橘绘海报,晚风橘绘海报,晚风橘绘海报,晚风橘绘海报,晚风橘绘海报,晚风橘绘海报
509001Text,,晚风橘绘海报,晚风橘绘海报,晚风橘绘海报,晚风橘绘海报,晚风橘绘海报,晚风橘绘海报,晚风橘绘海报
509002Name,,窗边白笺海报,窗边白笺海报,窗边白笺海报,窗边白笺海报,窗边白笺海报,窗边白笺海报,窗边白笺海报
509002Text,,窗边白笺海报,窗边白笺海报,窗边白笺海报,窗边白笺海报,窗边白笺海报,窗边白笺海报,窗边白笺海报
509003Name,,青空信约海报,青空信约海报,青空信约海报,青空信约海报,青空信约海报,青空信约海报,青空信约海报
509003Text,,青空信约海报,青空信约海报,青空信约海报,青空信约海报,青空信约海报,青空信约海报,青空信约海报
509004Name,,樱花私语海报,樱花私语海报,樱花私语海报,樱花私语海报,樱花私语海报,樱花私语海报,樱花私语海报
509004Text,,樱花私语海报,樱花私语海报,樱花私语海报,樱花私语海报,樱花私语海报,樱花私语海报,樱花私语海报
509005Name,,星轨魔导海报,星轨魔导海报,星轨魔导海报,星轨魔导海报,星轨魔导海报,星轨魔导海报,星轨魔导海报
509005Text,,星轨魔导海报,星轨魔导海报,星轨魔导海报,星轨魔导海报,星轨魔导海报,星轨魔导海报,星轨魔导海报
509006Name,,雾境魔女海报,雾境魔女海报,雾境魔女海报,雾境魔女海报,雾境魔女海报,雾境魔女海报,雾境魔女海报
509006Text,,雾境魔女海报,雾境魔女海报,雾境魔女海报,雾境魔女海报,雾境魔女海报,雾境魔女海报,雾境魔女海报
509007Name,,月光咒印海报,月光咒印海报,月光咒印海报,月光咒印海报,月光咒印海报,月光咒印海报,月光咒印海报
509007Text,,月光咒印海报,月光咒印海报,月光咒印海报,月光咒印海报,月光咒印海报,月光咒印海报,月光咒印海报
509008Name,,冰晶灵使海报,冰晶灵使海报,冰晶灵使海报,冰晶灵使海报,冰晶灵使海报,冰晶灵使海报,冰晶灵使海报
509008Text,,冰晶灵使海报,冰晶灵使海报,冰晶灵使海报,冰晶灵使海报,冰晶灵使海报,冰晶灵使海报,冰晶灵使海报
509009Name,,云间神谕海报,云间神谕海报,云间神谕海报,云间神谕海报,云间神谕海报,云间神谕海报,云间神谕海报
509009Text,,云间神谕海报,云间神谕海报,云间神谕海报,云间神谕海报,云间神谕海报,云间神谕海报,云间神谕海报
509010Name,,课间碎光海报,课间碎光海报,课间碎光海报,课间碎光海报,课间碎光海报,课间碎光海报,课间碎光海报
509010Text,,课间碎光海报,课间碎光海报,课间碎光海报,课间碎光海报,课间碎光海报,课间碎光海报,课间碎光海报
509011Name,,校服晚风海报,校服晚风海报,校服晚风海报,校服晚风海报,校服晚风海报,校服晚风海报,校服晚风海报
509011Text,,校服晚风海报,校服晚风海报,校服晚风海报,校服晚风海报,校服晚风海报,校服晚风海报,校服晚风海报
509012Name,,操场落日海报,操场落日海报,操场落日海报,操场落日海报,操场落日海报,操场落日海报,操场落日海报
509012Text,,操场落日海报,操场落日海报,操场落日海报,操场落日海报,操场落日海报,操场落日海报,操场落日海报
509013Name,,图书馆秘思海报,图书馆秘思海报,图书馆秘思海报,图书馆秘思海报,图书馆秘思海报,图书馆秘思海报,图书馆秘思海报
509013Text,,图书馆秘思海报,图书馆秘思海报,图书馆秘思海报,图书馆秘思海报,图书馆秘思海报,图书馆秘思海报,图书馆秘思海报
509014Name,,天台告白海报,天台告白海报,天台告白海报,天台告白海报,天台告白海报,天台告白海报,天台告白海报
509014Text,,天台告白海报,天台告白海报,天台告白海报,天台告白海报,天台告白海报,天台告白海报,天台告白海报
509015Name,,月下青衫海报,月下青衫海报,月下青衫海报,月下青衫海报,月下青衫海报,月下青衫海报,月下青衫海报
509015Text,,月下青衫海报,月下青衫海报,月下青衫海报,月下青衫海报,月下青衫海报,月下青衫海报,月下青衫海报
509016Name,,桃枝执扇海报,桃枝执扇海报,桃枝执扇海报,桃枝执扇海报,桃枝执扇海报,桃枝执扇海报,桃枝执扇海报
509016Text,,桃枝执扇海报,桃枝执扇海报,桃枝执扇海报,桃枝执扇海报,桃枝执扇海报,桃枝执扇海报,桃枝执扇海报
509017Name,,山河辞赋海报,山河辞赋海报,山河辞赋海报,山河辞赋海报,山河辞赋海报,山河辞赋海报,山河辞赋海报
509017Text,,山河辞赋海报,山河辞赋海报,山河辞赋海报,山河辞赋海报,山河辞赋海报,山河辞赋海报,山河辞赋海报
509018Name,,云袖清欢海报,云袖清欢海报,云袖清欢海报,云袖清欢海报,云袖清欢海报,云袖清欢海报,云袖清欢海报
509018Text,,云袖清欢海报,云袖清欢海报,云袖清欢海报,云袖清欢海报,云袖清欢海报,云袖清欢海报,云袖清欢海报
509019Name,,灯影红笺海报,灯影红笺海报,灯影红笺海报,灯影红笺海报,灯影红笺海报,灯影红笺海报,灯影红笺海报
509019Text,,灯影红笺海报,灯影红笺海报,灯影红笺海报,灯影红笺海报,灯影红笺海报,灯影红笺海报,灯影红笺海报
509020Name,,霓虹战姬海报,霓虹战姬海报,霓虹战姬海报,霓虹战姬海报,霓虹战姬海报,霓虹战姬海报,霓虹战姬海报
509020Text,,霓虹战姬海报,霓虹战姬海报,霓虹战姬海报,霓虹战姬海报,霓虹战姬海报,霓虹战姬海报,霓虹战姬海报
509021Name,,深空巡卫海报,深空巡卫海报,深空巡卫海报,深空巡卫海报,深空巡卫海报,深空巡卫海报,深空巡卫海报
509021Text,,深空巡卫海报,深空巡卫海报,深空巡卫海报,深空巡卫海报,深空巡卫海报,深空巡卫海报,深空巡卫海报
509022Name,,机甲星旅海报,机甲星旅海报,机甲星旅海报,机甲星旅海报,机甲星旅海报,机甲星旅海报,机甲星旅海报
509022Text,,机甲星旅海报,机甲星旅海报,机甲星旅海报,机甲星旅海报,机甲星旅海报,机甲星旅海报,机甲星旅海报
509023Name,,雨夜刃影海报,雨夜刃影海报,雨夜刃影海报,雨夜刃影海报,雨夜刃影海报,雨夜刃影海报,雨夜刃影海报
509023Text,,雨夜刃影海报,雨夜刃影海报,雨夜刃影海报,雨夜刃影海报,雨夜刃影海报,雨夜刃影海报,雨夜刃影海报
509024Name,,虚空战歌海报,虚空战歌海报,虚空战歌海报,虚空战歌海报,虚空战歌海报,虚空战歌海报,虚空战歌海报
509024Text,,虚空战歌海报,虚空战歌海报,虚空战歌海报,虚空战歌海报,虚空战歌海报,虚空战歌海报,虚空战歌海报
509025Name,,猫屿午后海报,猫屿午后海报,猫屿午后海报,猫屿午后海报,猫屿午后海报,猫屿午后海报,猫屿午后海报
509025Text,,猫屿午后海报,猫屿午后海报,猫屿午后海报,猫屿午后海报,猫屿午后海报,猫屿午后海报,猫屿午后海报
509026Name,,雪落狐踪海报,雪落狐踪海报,雪落狐踪海报,雪落狐踪海报,雪落狐踪海报,雪落狐踪海报,雪落狐踪海报
509026Text,,雪落狐踪海报,雪落狐踪海报,雪落狐踪海报,雪落狐踪海报,雪落狐踪海报,雪落狐踪海报,雪落狐踪海报
509027Name,,深海人鱼海报,深海人鱼海报,深海人鱼海报,深海人鱼海报,深海人鱼海报,深海人鱼海报,深海人鱼海报
509027Text,,深海人鱼海报,深海人鱼海报,深海人鱼海报,深海人鱼海报,深海人鱼海报,深海人鱼海报,深海人鱼海报
509028Name,,林间萤火海报,林间萤火海报,林间萤火海报,林间萤火海报,林间萤火海报,林间萤火海报,林间萤火海报
509028Text,,林间萤火海报,林间萤火海报,林间萤火海报,林间萤火海报,林间萤火海报,林间萤火海报,林间萤火海报
509029Name,,浅海碎浪海报,浅海碎浪海报,浅海碎浪海报,浅海碎浪海报,浅海碎浪海报,浅海碎浪海报,浅海碎浪海报
509029Text,,浅海碎浪海报,浅海碎浪海报,浅海碎浪海报,浅海碎浪海报,浅海碎浪海报,浅海碎浪海报,浅海碎浪海报
510000Name,,星野休憩镭射票,星野休憩镭射票,星野休憩镭射票,星野休憩镭射票,星野休憩镭射票,星野休憩镭射票,星野休憩镭射票
510000Text,,星野休憩镭射票,星野休憩镭射票,星野休憩镭射票,星野休憩镭射票,星野休憩镭射票,星野休憩镭射票,星野休憩镭射票
510001Name,,晚风橘绘镭射票,晚风橘绘镭射票,晚风橘绘镭射票,晚风橘绘镭射票,晚风橘绘镭射票,晚风橘绘镭射票,晚风橘绘镭射票
510001Text,,晚风橘绘镭射票,晚风橘绘镭射票,晚风橘绘镭射票,晚风橘绘镭射票,晚风橘绘镭射票,晚风橘绘镭射票,晚风橘绘镭射票
510002Name,,窗边白笺镭射票,窗边白笺镭射票,窗边白笺镭射票,窗边白笺镭射票,窗边白笺镭射票,窗边白笺镭射票,窗边白笺镭射票
510002Text,,窗边白笺镭射票,窗边白笺镭射票,窗边白笺镭射票,窗边白笺镭射票,窗边白笺镭射票,窗边白笺镭射票,窗边白笺镭射票
510003Name,,青空信约镭射票,青空信约镭射票,青空信约镭射票,青空信约镭射票,青空信约镭射票,青空信约镭射票,青空信约镭射票
510003Text,,青空信约镭射票,青空信约镭射票,青空信约镭射票,青空信约镭射票,青空信约镭射票,青空信约镭射票,青空信约镭射票
510004Name,,樱花私语镭射票,樱花私语镭射票,樱花私语镭射票,樱花私语镭射票,樱花私语镭射票,樱花私语镭射票,樱花私语镭射票
510004Text,,樱花私语镭射票,樱花私语镭射票,樱花私语镭射票,樱花私语镭射票,樱花私语镭射票,樱花私语镭射票,樱花私语镭射票
510005Name,,星轨魔导镭射票,星轨魔导镭射票,星轨魔导镭射票,星轨魔导镭射票,星轨魔导镭射票,星轨魔导镭射票,星轨魔导镭射票
510005Text,,星轨魔导镭射票,星轨魔导镭射票,星轨魔导镭射票,星轨魔导镭射票,星轨魔导镭射票,星轨魔导镭射票,星轨魔导镭射票
510006Name,,雾境魔女镭射票,雾境魔女镭射票,雾境魔女镭射票,雾境魔女镭射票,雾境魔女镭射票,雾境魔女镭射票,雾境魔女镭射票
510006Text,,雾境魔女镭射票,雾境魔女镭射票,雾境魔女镭射票,雾境魔女镭射票,雾境魔女镭射票,雾境魔女镭射票,雾境魔女镭射票
510007Name,,月光咒印镭射票,月光咒印镭射票,月光咒印镭射票,月光咒印镭射票,月光咒印镭射票,月光咒印镭射票,月光咒印镭射票
510007Text,,月光咒印镭射票,月光咒印镭射票,月光咒印镭射票,月光咒印镭射票,月光咒印镭射票,月光咒印镭射票,月光咒印镭射票
510008Name,,冰晶灵使镭射票,冰晶灵使镭射票,冰晶灵使镭射票,冰晶灵使镭射票,冰晶灵使镭射票,冰晶灵使镭射票,冰晶灵使镭射票
510008Text,,冰晶灵使镭射票,冰晶灵使镭射票,冰晶灵使镭射票,冰晶灵使镭射票,冰晶灵使镭射票,冰晶灵使镭射票,冰晶灵使镭射票
510009Name,,云间神谕镭射票,云间神谕镭射票,云间神谕镭射票,云间神谕镭射票,云间神谕镭射票,云间神谕镭射票,云间神谕镭射票
510009Text,,云间神谕镭射票,云间神谕镭射票,云间神谕镭射票,云间神谕镭射票,云间神谕镭射票,云间神谕镭射票,云间神谕镭射票
510010Name,,课间碎光镭射票,课间碎光镭射票,课间碎光镭射票,课间碎光镭射票,课间碎光镭射票,课间碎光镭射票,课间碎光镭射票
510010Text,,课间碎光镭射票,课间碎光镭射票,课间碎光镭射票,课间碎光镭射票,课间碎光镭射票,课间碎光镭射票,课间碎光镭射票
510011Name,,校服晚风镭射票,校服晚风镭射票,校服晚风镭射票,校服晚风镭射票,校服晚风镭射票,校服晚风镭射票,校服晚风镭射票
510011Text,,校服晚风镭射票,校服晚风镭射票,校服晚风镭射票,校服晚风镭射票,校服晚风镭射票,校服晚风镭射票,校服晚风镭射票
510012Name,,操场落日镭射票,操场落日镭射票,操场落日镭射票,操场落日镭射票,操场落日镭射票,操场落日镭射票,操场落日镭射票
510012Text,,操场落日镭射票,操场落日镭射票,操场落日镭射票,操场落日镭射票,操场落日镭射票,操场落日镭射票,操场落日镭射票
510013Name,,图书馆秘思镭射票,图书馆秘思镭射票,图书馆秘思镭射票,图书馆秘思镭射票,图书馆秘思镭射票,图书馆秘思镭射票,图书馆秘思镭射票
510013Text,,图书馆秘思镭射票,图书馆秘思镭射票,图书馆秘思镭射票,图书馆秘思镭射票,图书馆秘思镭射票,图书馆秘思镭射票,图书馆秘思镭射票
510014Name,,天台告白镭射票,天台告白镭射票,天台告白镭射票,天台告白镭射票,天台告白镭射票,天台告白镭射票,天台告白镭射票
510014Text,,天台告白镭射票,天台告白镭射票,天台告白镭射票,天台告白镭射票,天台告白镭射票,天台告白镭射票,天台告白镭射票
510015Name,,月下青衫镭射票,月下青衫镭射票,月下青衫镭射票,月下青衫镭射票,月下青衫镭射票,月下青衫镭射票,月下青衫镭射票
510015Text,,月下青衫镭射票,月下青衫镭射票,月下青衫镭射票,月下青衫镭射票,月下青衫镭射票,月下青衫镭射票,月下青衫镭射票
510016Name,,桃枝执扇镭射票,桃枝执扇镭射票,桃枝执扇镭射票,桃枝执扇镭射票,桃枝执扇镭射票,桃枝执扇镭射票,桃枝执扇镭射票
510016Text,,桃枝执扇镭射票,桃枝执扇镭射票,桃枝执扇镭射票,桃枝执扇镭射票,桃枝执扇镭射票,桃枝执扇镭射票,桃枝执扇镭射票
510017Name,,山河辞赋镭射票,山河辞赋镭射票,山河辞赋镭射票,山河辞赋镭射票,山河辞赋镭射票,山河辞赋镭射票,山河辞赋镭射票
510017Text,,山河辞赋镭射票,山河辞赋镭射票,山河辞赋镭射票,山河辞赋镭射票,山河辞赋镭射票,山河辞赋镭射票,山河辞赋镭射票
510018Name,,云袖清欢镭射票,云袖清欢镭射票,云袖清欢镭射票,云袖清欢镭射票,云袖清欢镭射票,云袖清欢镭射票,云袖清欢镭射票
510018Text,,云袖清欢镭射票,云袖清欢镭射票,云袖清欢镭射票,云袖清欢镭射票,云袖清欢镭射票,云袖清欢镭射票,云袖清欢镭射票
510019Name,,灯影红笺镭射票,灯影红笺镭射票,灯影红笺镭射票,灯影红笺镭射票,灯影红笺镭射票,灯影红笺镭射票,灯影红笺镭射票
510019Text,,灯影红笺镭射票,灯影红笺镭射票,灯影红笺镭射票,灯影红笺镭射票,灯影红笺镭射票,灯影红笺镭射票,灯影红笺镭射票
510020Name,,霓虹战姬镭射票,霓虹战姬镭射票,霓虹战姬镭射票,霓虹战姬镭射票,霓虹战姬镭射票,霓虹战姬镭射票,霓虹战姬镭射票
510020Text,,霓虹战姬镭射票,霓虹战姬镭射票,霓虹战姬镭射票,霓虹战姬镭射票,霓虹战姬镭射票,霓虹战姬镭射票,霓虹战姬镭射票
510021Name,,深空巡卫镭射票,深空巡卫镭射票,深空巡卫镭射票,深空巡卫镭射票,深空巡卫镭射票,深空巡卫镭射票,深空巡卫镭射票
510021Text,,深空巡卫镭射票,深空巡卫镭射票,深空巡卫镭射票,深空巡卫镭射票,深空巡卫镭射票,深空巡卫镭射票,深空巡卫镭射票
510022Name,,机甲星旅镭射票,机甲星旅镭射票,机甲星旅镭射票,机甲星旅镭射票,机甲星旅镭射票,机甲星旅镭射票,机甲星旅镭射票
510022Text,,机甲星旅镭射票,机甲星旅镭射票,机甲星旅镭射票,机甲星旅镭射票,机甲星旅镭射票,机甲星旅镭射票,机甲星旅镭射票
510023Name,,雨夜刃影镭射票,雨夜刃影镭射票,雨夜刃影镭射票,雨夜刃影镭射票,雨夜刃影镭射票,雨夜刃影镭射票,雨夜刃影镭射票
510023Text,,雨夜刃影镭射票,雨夜刃影镭射票,雨夜刃影镭射票,雨夜刃影镭射票,雨夜刃影镭射票,雨夜刃影镭射票,雨夜刃影镭射票
510024Name,,虚空战歌镭射票,虚空战歌镭射票,虚空战歌镭射票,虚空战歌镭射票,虚空战歌镭射票,虚空战歌镭射票,虚空战歌镭射票
510024Text,,虚空战歌镭射票,虚空战歌镭射票,虚空战歌镭射票,虚空战歌镭射票,虚空战歌镭射票,虚空战歌镭射票,虚空战歌镭射票
510025Name,,猫屿午后镭射票,猫屿午后镭射票,猫屿午后镭射票,猫屿午后镭射票,猫屿午后镭射票,猫屿午后镭射票,猫屿午后镭射票
510025Text,,猫屿午后镭射票,猫屿午后镭射票,猫屿午后镭射票,猫屿午后镭射票,猫屿午后镭射票,猫屿午后镭射票,猫屿午后镭射票
510026Name,,雪落狐踪镭射票,雪落狐踪镭射票,雪落狐踪镭射票,雪落狐踪镭射票,雪落狐踪镭射票,雪落狐踪镭射票,雪落狐踪镭射票
510026Text,,雪落狐踪镭射票,雪落狐踪镭射票,雪落狐踪镭射票,雪落狐踪镭射票,雪落狐踪镭射票,雪落狐踪镭射票,雪落狐踪镭射票
510027Name,,深海人鱼镭射票,深海人鱼镭射票,深海人鱼镭射票,深海人鱼镭射票,深海人鱼镭射票,深海人鱼镭射票,深海人鱼镭射票
510027Text,,深海人鱼镭射票,深海人鱼镭射票,深海人鱼镭射票,深海人鱼镭射票,深海人鱼镭射票,深海人鱼镭射票,深海人鱼镭射票
510028Name,,林间萤火镭射票,林间萤火镭射票,林间萤火镭射票,林间萤火镭射票,林间萤火镭射票,林间萤火镭射票,林间萤火镭射票
510028Text,,林间萤火镭射票,林间萤火镭射票,林间萤火镭射票,林间萤火镭射票,林间萤火镭射票,林间萤火镭射票,林间萤火镭射票
510029Name,,浅海碎浪镭射票,浅海碎浪镭射票,浅海碎浪镭射票,浅海碎浪镭射票,浅海碎浪镭射票,浅海碎浪镭射票,浅海碎浪镭射票
510029Text,,浅海碎浪镭射票,浅海碎浪镭射票,浅海碎浪镭射票,浅海碎浪镭射票,浅海碎浪镭射票,浅海碎浪镭射票,浅海碎浪镭射票
511000Name,,星野休憩手机壳,星野休憩手机壳,星野休憩手机壳,星野休憩手机壳,星野休憩手机壳,星野休憩手机壳,星野休憩手机壳
511000Text,,星野休憩手机壳,星野休憩手机壳,星野休憩手机壳,星野休憩手机壳,星野休憩手机壳,星野休憩手机壳,星野休憩手机壳
511001Name,,晚风橘绘手机壳,晚风橘绘手机壳,晚风橘绘手机壳,晚风橘绘手机壳,晚风橘绘手机壳,晚风橘绘手机壳,晚风橘绘手机壳
511001Text,,晚风橘绘手机壳,晚风橘绘手机壳,晚风橘绘手机壳,晚风橘绘手机壳,晚风橘绘手机壳,晚风橘绘手机壳,晚风橘绘手机壳
511002Name,,窗边白笺手机壳,窗边白笺手机壳,窗边白笺手机壳,窗边白笺手机壳,窗边白笺手机壳,窗边白笺手机壳,窗边白笺手机壳
511002Text,,窗边白笺手机壳,窗边白笺手机壳,窗边白笺手机壳,窗边白笺手机壳,窗边白笺手机壳,窗边白笺手机壳,窗边白笺手机壳
511003Name,,青空信约手机壳,青空信约手机壳,青空信约手机壳,青空信约手机壳,青空信约手机壳,青空信约手机壳,青空信约手机壳
511003Text,,青空信约手机壳,青空信约手机壳,青空信约手机壳,青空信约手机壳,青空信约手机壳,青空信约手机壳,青空信约手机壳
511004Name,,樱花私语手机壳,樱花私语手机壳,樱花私语手机壳,樱花私语手机壳,樱花私语手机壳,樱花私语手机壳,樱花私语手机壳
511004Text,,樱花私语手机壳,樱花私语手机壳,樱花私语手机壳,樱花私语手机壳,樱花私语手机壳,樱花私语手机壳,樱花私语手机壳
511005Name,,星轨魔导手机壳,星轨魔导手机壳,星轨魔导手机壳,星轨魔导手机壳,星轨魔导手机壳,星轨魔导手机壳,星轨魔导手机壳
511005Text,,星轨魔导手机壳,星轨魔导手机壳,星轨魔导手机壳,星轨魔导手机壳,星轨魔导手机壳,星轨魔导手机壳,星轨魔导手机壳
511006Name,,雾境魔女手机壳,雾境魔女手机壳,雾境魔女手机壳,雾境魔女手机壳,雾境魔女手机壳,雾境魔女手机壳,雾境魔女手机壳
511006Text,,雾境魔女手机壳,雾境魔女手机壳,雾境魔女手机壳,雾境魔女手机壳,雾境魔女手机壳,雾境魔女手机壳,雾境魔女手机壳
511007Name,,月光咒印手机壳,月光咒印手机壳,月光咒印手机壳,月光咒印手机壳,月光咒印手机壳,月光咒印手机壳,月光咒印手机壳
511007Text,,月光咒印手机壳,月光咒印手机壳,月光咒印手机壳,月光咒印手机壳,月光咒印手机壳,月光咒印手机壳,月光咒印手机壳
511008Name,,冰晶灵使手机壳,冰晶灵使手机壳,冰晶灵使手机壳,冰晶灵使手机壳,冰晶灵使手机壳,冰晶灵使手机壳,冰晶灵使手机壳
511008Text,,冰晶灵使手机壳,冰晶灵使手机壳,冰晶灵使手机壳,冰晶灵使手机壳,冰晶灵使手机壳,冰晶灵使手机壳,冰晶灵使手机壳
511009Name,,云间神谕手机壳,云间神谕手机壳,云间神谕手机壳,云间神谕手机壳,云间神谕手机壳,云间神谕手机壳,云间神谕手机壳
511009Text,,云间神谕手机壳,云间神谕手机壳,云间神谕手机壳,云间神谕手机壳,云间神谕手机壳,云间神谕手机壳,云间神谕手机壳
511010Name,,课间碎光手机壳,课间碎光手机壳,课间碎光手机壳,课间碎光手机壳,课间碎光手机壳,课间碎光手机壳,课间碎光手机壳
511010Text,,课间碎光手机壳,课间碎光手机壳,课间碎光手机壳,课间碎光手机壳,课间碎光手机壳,课间碎光手机壳,课间碎光手机壳
511011Name,,校服晚风手机壳,校服晚风手机壳,校服晚风手机壳,校服晚风手机壳,校服晚风手机壳,校服晚风手机壳,校服晚风手机壳
511011Text,,校服晚风手机壳,校服晚风手机壳,校服晚风手机壳,校服晚风手机壳,校服晚风手机壳,校服晚风手机壳,校服晚风手机壳
511012Name,,操场落日手机壳,操场落日手机壳,操场落日手机壳,操场落日手机壳,操场落日手机壳,操场落日手机壳,操场落日手机壳
511012Text,,操场落日手机壳,操场落日手机壳,操场落日手机壳,操场落日手机壳,操场落日手机壳,操场落日手机壳,操场落日手机壳
511013Name,,图书馆秘思手机壳,图书馆秘思手机壳,图书馆秘思手机壳,图书馆秘思手机壳,图书馆秘思手机壳,图书馆秘思手机壳,图书馆秘思手机壳
511013Text,,图书馆秘思手机壳,图书馆秘思手机壳,图书馆秘思手机壳,图书馆秘思手机壳,图书馆秘思手机壳,图书馆秘思手机壳,图书馆秘思手机壳
511014Name,,天台告白手机壳,天台告白手机壳,天台告白手机壳,天台告白手机壳,天台告白手机壳,天台告白手机壳,天台告白手机壳
511014Text,,天台告白手机壳,天台告白手机壳,天台告白手机壳,天台告白手机壳,天台告白手机壳,天台告白手机壳,天台告白手机壳
511015Name,,月下青衫手机壳,月下青衫手机壳,月下青衫手机壳,月下青衫手机壳,月下青衫手机壳,月下青衫手机壳,月下青衫手机壳
511015Text,,月下青衫手机壳,月下青衫手机壳,月下青衫手机壳,月下青衫手机壳,月下青衫手机壳,月下青衫手机壳,月下青衫手机壳
511016Name,,桃枝执扇手机壳,桃枝执扇手机壳,桃枝执扇手机壳,桃枝执扇手机壳,桃枝执扇手机壳,桃枝执扇手机壳,桃枝执扇手机壳
511016Text,,桃枝执扇手机壳,桃枝执扇手机壳,桃枝执扇手机壳,桃枝执扇手机壳,桃枝执扇手机壳,桃枝执扇手机壳,桃枝执扇手机壳
511017Name,,山河辞赋手机壳,山河辞赋手机壳,山河辞赋手机壳,山河辞赋手机壳,山河辞赋手机壳,山河辞赋手机壳,山河辞赋手机壳
511017Text,,山河辞赋手机壳,山河辞赋手机壳,山河辞赋手机壳,山河辞赋手机壳,山河辞赋手机壳,山河辞赋手机壳,山河辞赋手机壳
511018Name,,云袖清欢手机壳,云袖清欢手机壳,云袖清欢手机壳,云袖清欢手机壳,云袖清欢手机壳,云袖清欢手机壳,云袖清欢手机壳
511018Text,,云袖清欢手机壳,云袖清欢手机壳,云袖清欢手机壳,云袖清欢手机壳,云袖清欢手机壳,云袖清欢手机壳,云袖清欢手机壳
511019Name,,灯影红笺手机壳,灯影红笺手机壳,灯影红笺手机壳,灯影红笺手机壳,灯影红笺手机壳,灯影红笺手机壳,灯影红笺手机壳
511019Text,,灯影红笺手机壳,灯影红笺手机壳,灯影红笺手机壳,灯影红笺手机壳,灯影红笺手机壳,灯影红笺手机壳,灯影红笺手机壳
511020Name,,霓虹战姬手机壳,霓虹战姬手机壳,霓虹战姬手机壳,霓虹战姬手机壳,霓虹战姬手机壳,霓虹战姬手机壳,霓虹战姬手机壳
511020Text,,霓虹战姬手机壳,霓虹战姬手机壳,霓虹战姬手机壳,霓虹战姬手机壳,霓虹战姬手机壳,霓虹战姬手机壳,霓虹战姬手机壳
511021Name,,深空巡卫手机壳,深空巡卫手机壳,深空巡卫手机壳,深空巡卫手机壳,深空巡卫手机壳,深空巡卫手机壳,深空巡卫手机壳
511021Text,,深空巡卫手机壳,深空巡卫手机壳,深空巡卫手机壳,深空巡卫手机壳,深空巡卫手机壳,深空巡卫手机壳,深空巡卫手机壳
511022Name,,机甲星旅手机壳,机甲星旅手机壳,机甲星旅手机壳,机甲星旅手机壳,机甲星旅手机壳,机甲星旅手机壳,机甲星旅手机壳
511022Text,,机甲星旅手机壳,机甲星旅手机壳,机甲星旅手机壳,机甲星旅手机壳,机甲星旅手机壳,机甲星旅手机壳,机甲星旅手机壳
511023Name,,雨夜刃影手机壳,雨夜刃影手机壳,雨夜刃影手机壳,雨夜刃影手机壳,雨夜刃影手机壳,雨夜刃影手机壳,雨夜刃影手机壳
511023Text,,雨夜刃影手机壳,雨夜刃影手机壳,雨夜刃影手机壳,雨夜刃影手机壳,雨夜刃影手机壳,雨夜刃影手机壳,雨夜刃影手机壳
511024Name,,虚空战歌手机壳,虚空战歌手机壳,虚空战歌手机壳,虚空战歌手机壳,虚空战歌手机壳,虚空战歌手机壳,虚空战歌手机壳
511024Text,,虚空战歌手机壳,虚空战歌手机壳,虚空战歌手机壳,虚空战歌手机壳,虚空战歌手机壳,虚空战歌手机壳,虚空战歌手机壳
511025Name,,猫屿午后手机壳,猫屿午后手机壳,猫屿午后手机壳,猫屿午后手机壳,猫屿午后手机壳,猫屿午后手机壳,猫屿午后手机壳
511025Text,,猫屿午后手机壳,猫屿午后手机壳,猫屿午后手机壳,猫屿午后手机壳,猫屿午后手机壳,猫屿午后手机壳,猫屿午后手机壳
511026Name,,雪落狐踪手机壳,雪落狐踪手机壳,雪落狐踪手机壳,雪落狐踪手机壳,雪落狐踪手机壳,雪落狐踪手机壳,雪落狐踪手机壳
511026Text,,雪落狐踪手机壳,雪落狐踪手机壳,雪落狐踪手机壳,雪落狐踪手机壳,雪落狐踪手机壳,雪落狐踪手机壳,雪落狐踪手机壳
511027Name,,深海人鱼手机壳,深海人鱼手机壳,深海人鱼手机壳,深海人鱼手机壳,深海人鱼手机壳,深海人鱼手机壳,深海人鱼手机壳
511027Text,,深海人鱼手机壳,深海人鱼手机壳,深海人鱼手机壳,深海人鱼手机壳,深海人鱼手机壳,深海人鱼手机壳,深海人鱼手机壳
511028Name,,林间萤火手机壳,林间萤火手机壳,林间萤火手机壳,林间萤火手机壳,林间萤火手机壳,林间萤火手机壳,林间萤火手机壳
511028Text,,林间萤火手机壳,林间萤火手机壳,林间萤火手机壳,林间萤火手机壳,林间萤火手机壳,林间萤火手机壳,林间萤火手机壳
511029Name,,浅海碎浪手机壳,浅海碎浪手机壳,浅海碎浪手机壳,浅海碎浪手机壳,浅海碎浪手机壳,浅海碎浪手机壳,浅海碎浪手机壳
511029Text,,浅海碎浪手机壳,浅海碎浪手机壳,浅海碎浪手机壳,浅海碎浪手机壳,浅海碎浪手机壳,浅海碎浪手机壳,浅海碎浪手机壳
512000Name,,星野休憩贴纸,星野休憩贴纸,星野休憩贴纸,星野休憩贴纸,星野休憩贴纸,星野休憩贴纸,星野休憩贴纸
512000Text,,星野休憩贴纸,星野休憩贴纸,星野休憩贴纸,星野休憩贴纸,星野休憩贴纸,星野休憩贴纸,星野休憩贴纸
512001Name,,晚风橘绘贴纸,晚风橘绘贴纸,晚风橘绘贴纸,晚风橘绘贴纸,晚风橘绘贴纸,晚风橘绘贴纸,晚风橘绘贴纸
512001Text,,晚风橘绘贴纸,晚风橘绘贴纸,晚风橘绘贴纸,晚风橘绘贴纸,晚风橘绘贴纸,晚风橘绘贴纸,晚风橘绘贴纸
512002Name,,窗边白笺贴纸,窗边白笺贴纸,窗边白笺贴纸,窗边白笺贴纸,窗边白笺贴纸,窗边白笺贴纸,窗边白笺贴纸
512002Text,,窗边白笺贴纸,窗边白笺贴纸,窗边白笺贴纸,窗边白笺贴纸,窗边白笺贴纸,窗边白笺贴纸,窗边白笺贴纸
512003Name,,青空信约贴纸,青空信约贴纸,青空信约贴纸,青空信约贴纸,青空信约贴纸,青空信约贴纸,青空信约贴纸
512003Text,,青空信约贴纸,青空信约贴纸,青空信约贴纸,青空信约贴纸,青空信约贴纸,青空信约贴纸,青空信约贴纸
512004Name,,樱花私语贴纸,樱花私语贴纸,樱花私语贴纸,樱花私语贴纸,樱花私语贴纸,樱花私语贴纸,樱花私语贴纸
512004Text,,樱花私语贴纸,樱花私语贴纸,樱花私语贴纸,樱花私语贴纸,樱花私语贴纸,樱花私语贴纸,樱花私语贴纸
512005Name,,星轨魔导贴纸,星轨魔导贴纸,星轨魔导贴纸,星轨魔导贴纸,星轨魔导贴纸,星轨魔导贴纸,星轨魔导贴纸
512005Text,,星轨魔导贴纸,星轨魔导贴纸,星轨魔导贴纸,星轨魔导贴纸,星轨魔导贴纸,星轨魔导贴纸,星轨魔导贴纸
512006Name,,雾境魔女贴纸,雾境魔女贴纸,雾境魔女贴纸,雾境魔女贴纸,雾境魔女贴纸,雾境魔女贴纸,雾境魔女贴纸
512006Text,,雾境魔女贴纸,雾境魔女贴纸,雾境魔女贴纸,雾境魔女贴纸,雾境魔女贴纸,雾境魔女贴纸,雾境魔女贴纸
512007Name,,月光咒印贴纸,月光咒印贴纸,月光咒印贴纸,月光咒印贴纸,月光咒印贴纸,月光咒印贴纸,月光咒印贴纸
512007Text,,月光咒印贴纸,月光咒印贴纸,月光咒印贴纸,月光咒印贴纸,月光咒印贴纸,月光咒印贴纸,月光咒印贴纸
512008Name,,冰晶灵使贴纸,冰晶灵使贴纸,冰晶灵使贴纸,冰晶灵使贴纸,冰晶灵使贴纸,冰晶灵使贴纸,冰晶灵使贴纸
512008Text,,冰晶灵使贴纸,冰晶灵使贴纸,冰晶灵使贴纸,冰晶灵使贴纸,冰晶灵使贴纸,冰晶灵使贴纸,冰晶灵使贴纸
512009Name,,云间神谕贴纸,云间神谕贴纸,云间神谕贴纸,云间神谕贴纸,云间神谕贴纸,云间神谕贴纸,云间神谕贴纸
512009Text,,云间神谕贴纸,云间神谕贴纸,云间神谕贴纸,云间神谕贴纸,云间神谕贴纸,云间神谕贴纸,云间神谕贴纸
512010Name,,课间碎光贴纸,课间碎光贴纸,课间碎光贴纸,课间碎光贴纸,课间碎光贴纸,课间碎光贴纸,课间碎光贴纸
512010Text,,课间碎光贴纸,课间碎光贴纸,课间碎光贴纸,课间碎光贴纸,课间碎光贴纸,课间碎光贴纸,课间碎光贴纸
512011Name,,校服晚风贴纸,校服晚风贴纸,校服晚风贴纸,校服晚风贴纸,校服晚风贴纸,校服晚风贴纸,校服晚风贴纸
512011Text,,校服晚风贴纸,校服晚风贴纸,校服晚风贴纸,校服晚风贴纸,校服晚风贴纸,校服晚风贴纸,校服晚风贴纸
512012Name,,操场落日贴纸,操场落日贴纸,操场落日贴纸,操场落日贴纸,操场落日贴纸,操场落日贴纸,操场落日贴纸
512012Text,,操场落日贴纸,操场落日贴纸,操场落日贴纸,操场落日贴纸,操场落日贴纸,操场落日贴纸,操场落日贴纸
512013Name,,图书馆秘思贴纸,图书馆秘思贴纸,图书馆秘思贴纸,图书馆秘思贴纸,图书馆秘思贴纸,图书馆秘思贴纸,图书馆秘思贴纸
512013Text,,图书馆秘思贴纸,图书馆秘思贴纸,图书馆秘思贴纸,图书馆秘思贴纸,图书馆秘思贴纸,图书馆秘思贴纸,图书馆秘思贴纸
512014Name,,天台告白贴纸,天台告白贴纸,天台告白贴纸,天台告白贴纸,天台告白贴纸,天台告白贴纸,天台告白贴纸
512014Text,,天台告白贴纸,天台告白贴纸,天台告白贴纸,天台告白贴纸,天台告白贴纸,天台告白贴纸,天台告白贴纸
512015Name,,月下青衫贴纸,月下青衫贴纸,月下青衫贴纸,月下青衫贴纸,月下青衫贴纸,月下青衫贴纸,月下青衫贴纸
512015Text,,月下青衫贴纸,月下青衫贴纸,月下青衫贴纸,月下青衫贴纸,月下青衫贴纸,月下青衫贴纸,月下青衫贴纸
512016Name,,桃枝执扇贴纸,桃枝执扇贴纸,桃枝执扇贴纸,桃枝执扇贴纸,桃枝执扇贴纸,桃枝执扇贴纸,桃枝执扇贴纸
512016Text,,桃枝执扇贴纸,桃枝执扇贴纸,桃枝执扇贴纸,桃枝执扇贴纸,桃枝执扇贴纸,桃枝执扇贴纸,桃枝执扇贴纸
512017Name,,山河辞赋贴纸,山河辞赋贴纸,山河辞赋贴纸,山河辞赋贴纸,山河辞赋贴纸,山河辞赋贴纸,山河辞赋贴纸
512017Text,,山河辞赋贴纸,山河辞赋贴纸,山河辞赋贴纸,山河辞赋贴纸,山河辞赋贴纸,山河辞赋贴纸,山河辞赋贴纸
512018Name,,云袖清欢贴纸,云袖清欢贴纸,云袖清欢贴纸,云袖清欢贴纸,云袖清欢贴纸,云袖清欢贴纸,云袖清欢贴纸
512018Text,,云袖清欢贴纸,云袖清欢贴纸,云袖清欢贴纸,云袖清欢贴纸,云袖清欢贴纸,云袖清欢贴纸,云袖清欢贴纸
512019Name,,灯影红笺贴纸,灯影红笺贴纸,灯影红笺贴纸,灯影红笺贴纸,灯影红笺贴纸,灯影红笺贴纸,灯影红笺贴纸
512019Text,,灯影红笺贴纸,灯影红笺贴纸,灯影红笺贴纸,灯影红笺贴纸,灯影红笺贴纸,灯影红笺贴纸,灯影红笺贴纸
512020Name,,霓虹战姬贴纸,霓虹战姬贴纸,霓虹战姬贴纸,霓虹战姬贴纸,霓虹战姬贴纸,霓虹战姬贴纸,霓虹战姬贴纸
512020Text,,霓虹战姬贴纸,霓虹战姬贴纸,霓虹战姬贴纸,霓虹战姬贴纸,霓虹战姬贴纸,霓虹战姬贴纸,霓虹战姬贴纸
512021Name,,深空巡卫贴纸,深空巡卫贴纸,深空巡卫贴纸,深空巡卫贴纸,深空巡卫贴纸,深空巡卫贴纸,深空巡卫贴纸
512021Text,,深空巡卫贴纸,深空巡卫贴纸,深空巡卫贴纸,深空巡卫贴纸,深空巡卫贴纸,深空巡卫贴纸,深空巡卫贴纸
512022Name,,机甲星旅贴纸,机甲星旅贴纸,机甲星旅贴纸,机甲星旅贴纸,机甲星旅贴纸,机甲星旅贴纸,机甲星旅贴纸
512022Text,,机甲星旅贴纸,机甲星旅贴纸,机甲星旅贴纸,机甲星旅贴纸,机甲星旅贴纸,机甲星旅贴纸,机甲星旅贴纸
512023Name,,雨夜刃影贴纸,雨夜刃影贴纸,雨夜刃影贴纸,雨夜刃影贴纸,雨夜刃影贴纸,雨夜刃影贴纸,雨夜刃影贴纸
512023Text,,雨夜刃影贴纸,雨夜刃影贴纸,雨夜刃影贴纸,雨夜刃影贴纸,雨夜刃影贴纸,雨夜刃影贴纸,雨夜刃影贴纸
512024Name,,虚空战歌贴纸,虚空战歌贴纸,虚空战歌贴纸,虚空战歌贴纸,虚空战歌贴纸,虚空战歌贴纸,虚空战歌贴纸
512024Text,,虚空战歌贴纸,虚空战歌贴纸,虚空战歌贴纸,虚空战歌贴纸,虚空战歌贴纸,虚空战歌贴纸,虚空战歌贴纸
512025Name,,猫屿午后贴纸,猫屿午后贴纸,猫屿午后贴纸,猫屿午后贴纸,猫屿午后贴纸,猫屿午后贴纸,猫屿午后贴纸
512025Text,,猫屿午后贴纸,猫屿午后贴纸,猫屿午后贴纸,猫屿午后贴纸,猫屿午后贴纸,猫屿午后贴纸,猫屿午后贴纸
512026Name,,雪落狐踪贴纸,雪落狐踪贴纸,雪落狐踪贴纸,雪落狐踪贴纸,雪落狐踪贴纸,雪落狐踪贴纸,雪落狐踪贴纸
512026Text,,雪落狐踪贴纸,雪落狐踪贴纸,雪落狐踪贴纸,雪落狐踪贴纸,雪落狐踪贴纸,雪落狐踪贴纸,雪落狐踪贴纸
512027Name,,深海人鱼贴纸,深海人鱼贴纸,深海人鱼贴纸,深海人鱼贴纸,深海人鱼贴纸,深海人鱼贴纸,深海人鱼贴纸
512027Text,,深海人鱼贴纸,深海人鱼贴纸,深海人鱼贴纸,深海人鱼贴纸,深海人鱼贴纸,深海人鱼贴纸,深海人鱼贴纸
512028Name,,林间萤火贴纸,林间萤火贴纸,林间萤火贴纸,林间萤火贴纸,林间萤火贴纸,林间萤火贴纸,林间萤火贴纸
512028Text,,林间萤火贴纸,林间萤火贴纸,林间萤火贴纸,林间萤火贴纸,林间萤火贴纸,林间萤火贴纸,林间萤火贴纸
512029Name,,浅海碎浪贴纸,浅海碎浪贴纸,浅海碎浪贴纸,浅海碎浪贴纸,浅海碎浪贴纸,浅海碎浪贴纸,浅海碎浪贴纸
512029Text,,浅海碎浪贴纸,浅海碎浪贴纸,浅海碎浪贴纸,浅海碎浪贴纸,浅海碎浪贴纸,浅海碎浪贴纸,浅海碎浪贴纸
513000Name,,星野休憩本子,星野休憩本子,星野休憩本子,星野休憩本子,星野休憩本子,星野休憩本子,星野休憩本子
513000Text,,星野休憩本子,星野休憩本子,星野休憩本子,星野休憩本子,星野休憩本子,星野休憩本子,星野休憩本子
513001Name,,晚风橘绘本子,晚风橘绘本子,晚风橘绘本子,晚风橘绘本子,晚风橘绘本子,晚风橘绘本子,晚风橘绘本子
513001Text,,晚风橘绘本子,晚风橘绘本子,晚风橘绘本子,晚风橘绘本子,晚风橘绘本子,晚风橘绘本子,晚风橘绘本子
513002Name,,窗边白笺本子,窗边白笺本子,窗边白笺本子,窗边白笺本子,窗边白笺本子,窗边白笺本子,窗边白笺本子
513002Text,,窗边白笺本子,窗边白笺本子,窗边白笺本子,窗边白笺本子,窗边白笺本子,窗边白笺本子,窗边白笺本子
513003Name,,青空信约本子,青空信约本子,青空信约本子,青空信约本子,青空信约本子,青空信约本子,青空信约本子
513003Text,,青空信约本子,青空信约本子,青空信约本子,青空信约本子,青空信约本子,青空信约本子,青空信约本子
513004Name,,樱花私语本子,樱花私语本子,樱花私语本子,樱花私语本子,樱花私语本子,樱花私语本子,樱花私语本子
513004Text,,樱花私语本子,樱花私语本子,樱花私语本子,樱花私语本子,樱花私语本子,樱花私语本子,樱花私语本子
513005Name,,星轨魔导本子,星轨魔导本子,星轨魔导本子,星轨魔导本子,星轨魔导本子,星轨魔导本子,星轨魔导本子
513005Text,,星轨魔导本子,星轨魔导本子,星轨魔导本子,星轨魔导本子,星轨魔导本子,星轨魔导本子,星轨魔导本子
513006Name,,雾境魔女本子,雾境魔女本子,雾境魔女本子,雾境魔女本子,雾境魔女本子,雾境魔女本子,雾境魔女本子
513006Text,,雾境魔女本子,雾境魔女本子,雾境魔女本子,雾境魔女本子,雾境魔女本子,雾境魔女本子,雾境魔女本子
513007Name,,月光咒印本子,月光咒印本子,月光咒印本子,月光咒印本子,月光咒印本子,月光咒印本子,月光咒印本子
513007Text,,月光咒印本子,月光咒印本子,月光咒印本子,月光咒印本子,月光咒印本子,月光咒印本子,月光咒印本子
513008Name,,冰晶灵使本子,冰晶灵使本子,冰晶灵使本子,冰晶灵使本子,冰晶灵使本子,冰晶灵使本子,冰晶灵使本子
513008Text,,冰晶灵使本子,冰晶灵使本子,冰晶灵使本子,冰晶灵使本子,冰晶灵使本子,冰晶灵使本子,冰晶灵使本子
513009Name,,云间神谕本子,云间神谕本子,云间神谕本子,云间神谕本子,云间神谕本子,云间神谕本子,云间神谕本子
513009Text,,云间神谕本子,云间神谕本子,云间神谕本子,云间神谕本子,云间神谕本子,云间神谕本子,云间神谕本子
513010Name,,课间碎光本子,课间碎光本子,课间碎光本子,课间碎光本子,课间碎光本子,课间碎光本子,课间碎光本子
513010Text,,课间碎光本子,课间碎光本子,课间碎光本子,课间碎光本子,课间碎光本子,课间碎光本子,课间碎光本子
513011Name,,校服晚风本子,校服晚风本子,校服晚风本子,校服晚风本子,校服晚风本子,校服晚风本子,校服晚风本子
513011Text,,校服晚风本子,校服晚风本子,校服晚风本子,校服晚风本子,校服晚风本子,校服晚风本子,校服晚风本子
513012Name,,操场落日本子,操场落日本子,操场落日本子,操场落日本子,操场落日本子,操场落日本子,操场落日本子
513012Text,,操场落日本子,操场落日本子,操场落日本子,操场落日本子,操场落日本子,操场落日本子,操场落日本子
513013Name,,图书馆秘思本子,图书馆秘思本子,图书馆秘思本子,图书馆秘思本子,图书馆秘思本子,图书馆秘思本子,图书馆秘思本子
513013Text,,图书馆秘思本子,图书馆秘思本子,图书馆秘思本子,图书馆秘思本子,图书馆秘思本子,图书馆秘思本子,图书馆秘思本子
513014Name,,天台告白本子,天台告白本子,天台告白本子,天台告白本子,天台告白本子,天台告白本子,天台告白本子
513014Text,,天台告白本子,天台告白本子,天台告白本子,天台告白本子,天台告白本子,天台告白本子,天台告白本子
513015Name,,月下青衫本子,月下青衫本子,月下青衫本子,月下青衫本子,月下青衫本子,月下青衫本子,月下青衫本子
513015Text,,月下青衫本子,月下青衫本子,月下青衫本子,月下青衫本子,月下青衫本子,月下青衫本子,月下青衫本子
513016Name,,桃枝执扇本子,桃枝执扇本子,桃枝执扇本子,桃枝执扇本子,桃枝执扇本子,桃枝执扇本子,桃枝执扇本子
513016Text,,桃枝执扇本子,桃枝执扇本子,桃枝执扇本子,桃枝执扇本子,桃枝执扇本子,桃枝执扇本子,桃枝执扇本子
513017Name,,山河辞赋本子,山河辞赋本子,山河辞赋本子,山河辞赋本子,山河辞赋本子,山河辞赋本子,山河辞赋本子
513017Text,,山河辞赋本子,山河辞赋本子,山河辞赋本子,山河辞赋本子,山河辞赋本子,山河辞赋本子,山河辞赋本子
513018Name,,云袖清欢本子,云袖清欢本子,云袖清欢本子,云袖清欢本子,云袖清欢本子,云袖清欢本子,云袖清欢本子
513018Text,,云袖清欢本子,云袖清欢本子,云袖清欢本子,云袖清欢本子,云袖清欢本子,云袖清欢本子,云袖清欢本子
513019Name,,灯影红笺本子,灯影红笺本子,灯影红笺本子,灯影红笺本子,灯影红笺本子,灯影红笺本子,灯影红笺本子
513019Text,,灯影红笺本子,灯影红笺本子,灯影红笺本子,灯影红笺本子,灯影红笺本子,灯影红笺本子,灯影红笺本子
513020Name,,霓虹战姬本子,霓虹战姬本子,霓虹战姬本子,霓虹战姬本子,霓虹战姬本子,霓虹战姬本子,霓虹战姬本子
513020Text,,霓虹战姬本子,霓虹战姬本子,霓虹战姬本子,霓虹战姬本子,霓虹战姬本子,霓虹战姬本子,霓虹战姬本子
513021Name,,深空巡卫本子,深空巡卫本子,深空巡卫本子,深空巡卫本子,深空巡卫本子,深空巡卫本子,深空巡卫本子
513021Text,,深空巡卫本子,深空巡卫本子,深空巡卫本子,深空巡卫本子,深空巡卫本子,深空巡卫本子,深空巡卫本子
513022Name,,机甲星旅本子,机甲星旅本子,机甲星旅本子,机甲星旅本子,机甲星旅本子,机甲星旅本子,机甲星旅本子
513022Text,,机甲星旅本子,机甲星旅本子,机甲星旅本子,机甲星旅本子,机甲星旅本子,机甲星旅本子,机甲星旅本子
513023Name,,雨夜刃影本子,雨夜刃影本子,雨夜刃影本子,雨夜刃影本子,雨夜刃影本子,雨夜刃影本子,雨夜刃影本子
513023Text,,雨夜刃影本子,雨夜刃影本子,雨夜刃影本子,雨夜刃影本子,雨夜刃影本子,雨夜刃影本子,雨夜刃影本子
513024Name,,虚空战歌本子,虚空战歌本子,虚空战歌本子,虚空战歌本子,虚空战歌本子,虚空战歌本子,虚空战歌本子
513024Text,,虚空战歌本子,虚空战歌本子,虚空战歌本子,虚空战歌本子,虚空战歌本子,虚空战歌本子,虚空战歌本子
513025Name,,猫屿午后本子,猫屿午后本子,猫屿午后本子,猫屿午后本子,猫屿午后本子,猫屿午后本子,猫屿午后本子
513025Text,,猫屿午后本子,猫屿午后本子,猫屿午后本子,猫屿午后本子,猫屿午后本子,猫屿午后本子,猫屿午后本子
513026Name,,雪落狐踪本子,雪落狐踪本子,雪落狐踪本子,雪落狐踪本子,雪落狐踪本子,雪落狐踪本子,雪落狐踪本子
513026Text,,雪落狐踪本子,雪落狐踪本子,雪落狐踪本子,雪落狐踪本子,雪落狐踪本子,雪落狐踪本子,雪落狐踪本子
513027Name,,深海人鱼本子,深海人鱼本子,深海人鱼本子,深海人鱼本子,深海人鱼本子,深海人鱼本子,深海人鱼本子
513027Text,,深海人鱼本子,深海人鱼本子,深海人鱼本子,深海人鱼本子,深海人鱼本子,深海人鱼本子,深海人鱼本子
513028Name,,林间萤火本子,林间萤火本子,林间萤火本子,林间萤火本子,林间萤火本子,林间萤火本子,林间萤火本子
513028Text,,林间萤火本子,林间萤火本子,林间萤火本子,林间萤火本子,林间萤火本子,林间萤火本子,林间萤火本子
513029Name,,浅海碎浪本子,浅海碎浪本子,浅海碎浪本子,浅海碎浪本子,浅海碎浪本子,浅海碎浪本子,浅海碎浪本子
513029Text,,浅海碎浪本子,浅海碎浪本子,浅海碎浪本子,浅海碎浪本子,浅海碎浪本子,浅海碎浪本子,浅海碎浪本子
514000Name,,星野休憩钥匙扣,星野休憩钥匙扣,星野休憩钥匙扣,星野休憩钥匙扣,星野休憩钥匙扣,星野休憩钥匙扣,星野休憩钥匙扣
514000Text,,星野休憩钥匙扣,星野休憩钥匙扣,星野休憩钥匙扣,星野休憩钥匙扣,星野休憩钥匙扣,星野休憩钥匙扣,星野休憩钥匙扣
514001Name,,晚风橘绘钥匙扣,晚风橘绘钥匙扣,晚风橘绘钥匙扣,晚风橘绘钥匙扣,晚风橘绘钥匙扣,晚风橘绘钥匙扣,晚风橘绘钥匙扣
514001Text,,晚风橘绘钥匙扣,晚风橘绘钥匙扣,晚风橘绘钥匙扣,晚风橘绘钥匙扣,晚风橘绘钥匙扣,晚风橘绘钥匙扣,晚风橘绘钥匙扣
514002Name,,窗边白笺钥匙扣,窗边白笺钥匙扣,窗边白笺钥匙扣,窗边白笺钥匙扣,窗边白笺钥匙扣,窗边白笺钥匙扣,窗边白笺钥匙扣
514002Text,,窗边白笺钥匙扣,窗边白笺钥匙扣,窗边白笺钥匙扣,窗边白笺钥匙扣,窗边白笺钥匙扣,窗边白笺钥匙扣,窗边白笺钥匙扣
514003Name,,青空信约钥匙扣,青空信约钥匙扣,青空信约钥匙扣,青空信约钥匙扣,青空信约钥匙扣,青空信约钥匙扣,青空信约钥匙扣
514003Text,,青空信约钥匙扣,青空信约钥匙扣,青空信约钥匙扣,青空信约钥匙扣,青空信约钥匙扣,青空信约钥匙扣,青空信约钥匙扣
514004Name,,樱花私语钥匙扣,樱花私语钥匙扣,樱花私语钥匙扣,樱花私语钥匙扣,樱花私语钥匙扣,樱花私语钥匙扣,樱花私语钥匙扣
514004Text,,樱花私语钥匙扣,樱花私语钥匙扣,樱花私语钥匙扣,樱花私语钥匙扣,樱花私语钥匙扣,樱花私语钥匙扣,樱花私语钥匙扣
514005Name,,星轨魔导钥匙扣,星轨魔导钥匙扣,星轨魔导钥匙扣,星轨魔导钥匙扣,星轨魔导钥匙扣,星轨魔导钥匙扣,星轨魔导钥匙扣
514005Text,,星轨魔导钥匙扣,星轨魔导钥匙扣,星轨魔导钥匙扣,星轨魔导钥匙扣,星轨魔导钥匙扣,星轨魔导钥匙扣,星轨魔导钥匙扣
514006Name,,雾境魔女钥匙扣,雾境魔女钥匙扣,雾境魔女钥匙扣,雾境魔女钥匙扣,雾境魔女钥匙扣,雾境魔女钥匙扣,雾境魔女钥匙扣
514006Text,,雾境魔女钥匙扣,雾境魔女钥匙扣,雾境魔女钥匙扣,雾境魔女钥匙扣,雾境魔女钥匙扣,雾境魔女钥匙扣,雾境魔女钥匙扣
514007Name,,月光咒印钥匙扣,月光咒印钥匙扣,月光咒印钥匙扣,月光咒印钥匙扣,月光咒印钥匙扣,月光咒印钥匙扣,月光咒印钥匙扣
514007Text,,月光咒印钥匙扣,月光咒印钥匙扣,月光咒印钥匙扣,月光咒印钥匙扣,月光咒印钥匙扣,月光咒印钥匙扣,月光咒印钥匙扣
514008Name,,冰晶灵使钥匙扣,冰晶灵使钥匙扣,冰晶灵使钥匙扣,冰晶灵使钥匙扣,冰晶灵使钥匙扣,冰晶灵使钥匙扣,冰晶灵使钥匙扣
514008Text,,冰晶灵使钥匙扣,冰晶灵使钥匙扣,冰晶灵使钥匙扣,冰晶灵使钥匙扣,冰晶灵使钥匙扣,冰晶灵使钥匙扣,冰晶灵使钥匙扣
514009Name,,云间神谕钥匙扣,云间神谕钥匙扣,云间神谕钥匙扣,云间神谕钥匙扣,云间神谕钥匙扣,云间神谕钥匙扣,云间神谕钥匙扣
514009Text,,云间神谕钥匙扣,云间神谕钥匙扣,云间神谕钥匙扣,云间神谕钥匙扣,云间神谕钥匙扣,云间神谕钥匙扣,云间神谕钥匙扣
514010Name,,课间碎光钥匙扣,课间碎光钥匙扣,课间碎光钥匙扣,课间碎光钥匙扣,课间碎光钥匙扣,课间碎光钥匙扣,课间碎光钥匙扣
514010Text,,课间碎光钥匙扣,课间碎光钥匙扣,课间碎光钥匙扣,课间碎光钥匙扣,课间碎光钥匙扣,课间碎光钥匙扣,课间碎光钥匙扣
514011Name,,校服晚风钥匙扣,校服晚风钥匙扣,校服晚风钥匙扣,校服晚风钥匙扣,校服晚风钥匙扣,校服晚风钥匙扣,校服晚风钥匙扣
514011Text,,校服晚风钥匙扣,校服晚风钥匙扣,校服晚风钥匙扣,校服晚风钥匙扣,校服晚风钥匙扣,校服晚风钥匙扣,校服晚风钥匙扣
514012Name,,操场落日钥匙扣,操场落日钥匙扣,操场落日钥匙扣,操场落日钥匙扣,操场落日钥匙扣,操场落日钥匙扣,操场落日钥匙扣
514012Text,,操场落日钥匙扣,操场落日钥匙扣,操场落日钥匙扣,操场落日钥匙扣,操场落日钥匙扣,操场落日钥匙扣,操场落日钥匙扣
514013Name,,图书馆秘思钥匙扣,图书馆秘思钥匙扣,图书馆秘思钥匙扣,图书馆秘思钥匙扣,图书馆秘思钥匙扣,图书馆秘思钥匙扣,图书馆秘思钥匙扣
514013Text,,图书馆秘思钥匙扣,图书馆秘思钥匙扣,图书馆秘思钥匙扣,图书馆秘思钥匙扣,图书馆秘思钥匙扣,图书馆秘思钥匙扣,图书馆秘思钥匙扣
514014Name,,天台告白钥匙扣,天台告白钥匙扣,天台告白钥匙扣,天台告白钥匙扣,天台告白钥匙扣,天台告白钥匙扣,天台告白钥匙扣
514014Text,,天台告白钥匙扣,天台告白钥匙扣,天台告白钥匙扣,天台告白钥匙扣,天台告白钥匙扣,天台告白钥匙扣,天台告白钥匙扣
514015Name,,月下青衫钥匙扣,月下青衫钥匙扣,月下青衫钥匙扣,月下青衫钥匙扣,月下青衫钥匙扣,月下青衫钥匙扣,月下青衫钥匙扣
514015Text,,月下青衫钥匙扣,月下青衫钥匙扣,月下青衫钥匙扣,月下青衫钥匙扣,月下青衫钥匙扣,月下青衫钥匙扣,月下青衫钥匙扣
514016Name,,桃枝执扇钥匙扣,桃枝执扇钥匙扣,桃枝执扇钥匙扣,桃枝执扇钥匙扣,桃枝执扇钥匙扣,桃枝执扇钥匙扣,桃枝执扇钥匙扣
514016Text,,桃枝执扇钥匙扣,桃枝执扇钥匙扣,桃枝执扇钥匙扣,桃枝执扇钥匙扣,桃枝执扇钥匙扣,桃枝执扇钥匙扣,桃枝执扇钥匙扣
514017Name,,山河辞赋钥匙扣,山河辞赋钥匙扣,山河辞赋钥匙扣,山河辞赋钥匙扣,山河辞赋钥匙扣,山河辞赋钥匙扣,山河辞赋钥匙扣
514017Text,,山河辞赋钥匙扣,山河辞赋钥匙扣,山河辞赋钥匙扣,山河辞赋钥匙扣,山河辞赋钥匙扣,山河辞赋钥匙扣,山河辞赋钥匙扣
514018Name,,云袖清欢钥匙扣,云袖清欢钥匙扣,云袖清欢钥匙扣,云袖清欢钥匙扣,云袖清欢钥匙扣,云袖清欢钥匙扣,云袖清欢钥匙扣
514018Text,,云袖清欢钥匙扣,云袖清欢钥匙扣,云袖清欢钥匙扣,云袖清欢钥匙扣,云袖清欢钥匙扣,云袖清欢钥匙扣,云袖清欢钥匙扣
514019Name,,灯影红笺钥匙扣,灯影红笺钥匙扣,灯影红笺钥匙扣,灯影红笺钥匙扣,灯影红笺钥匙扣,灯影红笺钥匙扣,灯影红笺钥匙扣
514019Text,,灯影红笺钥匙扣,灯影红笺钥匙扣,灯影红笺钥匙扣,灯影红笺钥匙扣,灯影红笺钥匙扣,灯影红笺钥匙扣,灯影红笺钥匙扣
514020Name,,霓虹战姬钥匙扣,霓虹战姬钥匙扣,霓虹战姬钥匙扣,霓虹战姬钥匙扣,霓虹战姬钥匙扣,霓虹战姬钥匙扣,霓虹战姬钥匙扣
514020Text,,霓虹战姬钥匙扣,霓虹战姬钥匙扣,霓虹战姬钥匙扣,霓虹战姬钥匙扣,霓虹战姬钥匙扣,霓虹战姬钥匙扣,霓虹战姬钥匙扣
514021Name,,深空巡卫钥匙扣,深空巡卫钥匙扣,深空巡卫钥匙扣,深空巡卫钥匙扣,深空巡卫钥匙扣,深空巡卫钥匙扣,深空巡卫钥匙扣
514021Text,,深空巡卫钥匙扣,深空巡卫钥匙扣,深空巡卫钥匙扣,深空巡卫钥匙扣,深空巡卫钥匙扣,深空巡卫钥匙扣,深空巡卫钥匙扣
514022Name,,机甲星旅钥匙扣,机甲星旅钥匙扣,机甲星旅钥匙扣,机甲星旅钥匙扣,机甲星旅钥匙扣,机甲星旅钥匙扣,机甲星旅钥匙扣
514022Text,,机甲星旅钥匙扣,机甲星旅钥匙扣,机甲星旅钥匙扣,机甲星旅钥匙扣,机甲星旅钥匙扣,机甲星旅钥匙扣,机甲星旅钥匙扣
514023Name,,雨夜刃影钥匙扣,雨夜刃影钥匙扣,雨夜刃影钥匙扣,雨夜刃影钥匙扣,雨夜刃影钥匙扣,雨夜刃影钥匙扣,雨夜刃影钥匙扣
514023Text,,雨夜刃影钥匙扣,雨夜刃影钥匙扣,雨夜刃影钥匙扣,雨夜刃影钥匙扣,雨夜刃影钥匙扣,雨夜刃影钥匙扣,雨夜刃影钥匙扣
514024Name,,虚空战歌钥匙扣,虚空战歌钥匙扣,虚空战歌钥匙扣,虚空战歌钥匙扣,虚空战歌钥匙扣,虚空战歌钥匙扣,虚空战歌钥匙扣
514024Text,,虚空战歌钥匙扣,虚空战歌钥匙扣,虚空战歌钥匙扣,虚空战歌钥匙扣,虚空战歌钥匙扣,虚空战歌钥匙扣,虚空战歌钥匙扣
514025Name,,猫屿午后钥匙扣,猫屿午后钥匙扣,猫屿午后钥匙扣,猫屿午后钥匙扣,猫屿午后钥匙扣,猫屿午后钥匙扣,猫屿午后钥匙扣
514025Text,,猫屿午后钥匙扣,猫屿午后钥匙扣,猫屿午后钥匙扣,猫屿午后钥匙扣,猫屿午后钥匙扣,猫屿午后钥匙扣,猫屿午后钥匙扣
514026Name,,雪落狐踪钥匙扣,雪落狐踪钥匙扣,雪落狐踪钥匙扣,雪落狐踪钥匙扣,雪落狐踪钥匙扣,雪落狐踪钥匙扣,雪落狐踪钥匙扣
514026Text,,雪落狐踪钥匙扣,雪落狐踪钥匙扣,雪落狐踪钥匙扣,雪落狐踪钥匙扣,雪落狐踪钥匙扣,雪落狐踪钥匙扣,雪落狐踪钥匙扣
514027Name,,深海人鱼钥匙扣,深海人鱼钥匙扣,深海人鱼钥匙扣,深海人鱼钥匙扣,深海人鱼钥匙扣,深海人鱼钥匙扣,深海人鱼钥匙扣
514027Text,,深海人鱼钥匙扣,深海人鱼钥匙扣,深海人鱼钥匙扣,深海人鱼钥匙扣,深海人鱼钥匙扣,深海人鱼钥匙扣,深海人鱼钥匙扣
514028Name,,林间萤火钥匙扣,林间萤火钥匙扣,林间萤火钥匙扣,林间萤火钥匙扣,林间萤火钥匙扣,林间萤火钥匙扣,林间萤火钥匙扣
514028Text,,林间萤火钥匙扣,林间萤火钥匙扣,林间萤火钥匙扣,林间萤火钥匙扣,林间萤火钥匙扣,林间萤火钥匙扣,林间萤火钥匙扣
514029Name,,浅海碎浪钥匙扣,浅海碎浪钥匙扣,浅海碎浪钥匙扣,浅海碎浪钥匙扣,浅海碎浪钥匙扣,浅海碎浪钥匙扣,浅海碎浪钥匙扣
514029Text,,浅海碎浪钥匙扣,浅海碎浪钥匙扣,浅海碎浪钥匙扣,浅海碎浪钥匙扣,浅海碎浪钥匙扣,浅海碎浪钥匙扣,浅海碎浪钥匙扣
515000Name,,星野休憩T-恤,星野休憩T-恤,星野休憩T-恤,星野休憩T-恤,星野休憩T-恤,星野休憩T-恤,星野休憩T-恤
515000Text,,星野休憩T-恤,星野休憩T-恤,星野休憩T-恤,星野休憩T-恤,星野休憩T-恤,星野休憩T-恤,星野休憩T-恤
515001Name,,晚风橘绘T-恤,晚风橘绘T-恤,晚风橘绘T-恤,晚风橘绘T-恤,晚风橘绘T-恤,晚风橘绘T-恤,晚风橘绘T-恤
515001Text,,晚风橘绘T-恤,晚风橘绘T-恤,晚风橘绘T-恤,晚风橘绘T-恤,晚风橘绘T-恤,晚风橘绘T-恤,晚风橘绘T-恤
515002Name,,窗边白笺T-恤,窗边白笺T-恤,窗边白笺T-恤,窗边白笺T-恤,窗边白笺T-恤,窗边白笺T-恤,窗边白笺T-恤
515002Text,,窗边白笺T-恤,窗边白笺T-恤,窗边白笺T-恤,窗边白笺T-恤,窗边白笺T-恤,窗边白笺T-恤,窗边白笺T-恤
515003Name,,青空信约T-恤,青空信约T-恤,青空信约T-恤,青空信约T-恤,青空信约T-恤,青空信约T-恤,青空信约T-恤
515003Text,,青空信约T-恤,青空信约T-恤,青空信约T-恤,青空信约T-恤,青空信约T-恤,青空信约T-恤,青空信约T-恤
515004Name,,樱花私语T-恤,樱花私语T-恤,樱花私语T-恤,樱花私语T-恤,樱花私语T-恤,樱花私语T-恤,樱花私语T-恤
515004Text,,樱花私语T-恤,樱花私语T-恤,樱花私语T-恤,樱花私语T-恤,樱花私语T-恤,樱花私语T-恤,樱花私语T-恤
515005Name,,星轨魔导T-恤,星轨魔导T-恤,星轨魔导T-恤,星轨魔导T-恤,星轨魔导T-恤,星轨魔导T-恤,星轨魔导T-恤
515005Text,,星轨魔导T-恤,星轨魔导T-恤,星轨魔导T-恤,星轨魔导T-恤,星轨魔导T-恤,星轨魔导T-恤,星轨魔导T-恤
515006Name,,雾境魔女T-恤,雾境魔女T-恤,雾境魔女T-恤,雾境魔女T-恤,雾境魔女T-恤,雾境魔女T-恤,雾境魔女T-恤
515006Text,,雾境魔女T-恤,雾境魔女T-恤,雾境魔女T-恤,雾境魔女T-恤,雾境魔女T-恤,雾境魔女T-恤,雾境魔女T-恤
515007Name,,月光咒印T-恤,月光咒印T-恤,月光咒印T-恤,月光咒印T-恤,月光咒印T-恤,月光咒印T-恤,月光咒印T-恤
515007Text,,月光咒印T-恤,月光咒印T-恤,月光咒印T-恤,月光咒印T-恤,月光咒印T-恤,月光咒印T-恤,月光咒印T-恤
515008Name,,冰晶灵使T-恤,冰晶灵使T-恤,冰晶灵使T-恤,冰晶灵使T-恤,冰晶灵使T-恤,冰晶灵使T-恤,冰晶灵使T-恤
515008Text,,冰晶灵使T-恤,冰晶灵使T-恤,冰晶灵使T-恤,冰晶灵使T-恤,冰晶灵使T-恤,冰晶灵使T-恤,冰晶灵使T-恤
515009Name,,云间神谕T-恤,云间神谕T-恤,云间神谕T-恤,云间神谕T-恤,云间神谕T-恤,云间神谕T-恤,云间神谕T-恤
515009Text,,云间神谕T-恤,云间神谕T-恤,云间神谕T-恤,云间神谕T-恤,云间神谕T-恤,云间神谕T-恤,云间神谕T-恤
515010Name,,课间碎光T-恤,课间碎光T-恤,课间碎光T-恤,课间碎光T-恤,课间碎光T-恤,课间碎光T-恤,课间碎光T-恤
515010Text,,课间碎光T-恤,课间碎光T-恤,课间碎光T-恤,课间碎光T-恤,课间碎光T-恤,课间碎光T-恤,课间碎光T-恤
515011Name,,校服晚风T-恤,校服晚风T-恤,校服晚风T-恤,校服晚风T-恤,校服晚风T-恤,校服晚风T-恤,校服晚风T-恤
515011Text,,校服晚风T-恤,校服晚风T-恤,校服晚风T-恤,校服晚风T-恤,校服晚风T-恤,校服晚风T-恤,校服晚风T-恤
515012Name,,操场落日T-恤,操场落日T-恤,操场落日T-恤,操场落日T-恤,操场落日T-恤,操场落日T-恤,操场落日T-恤
515012Text,,操场落日T-恤,操场落日T-恤,操场落日T-恤,操场落日T-恤,操场落日T-恤,操场落日T-恤,操场落日T-恤
515013Name,,图书馆秘思T-恤,图书馆秘思T-恤,图书馆秘思T-恤,图书馆秘思T-恤,图书馆秘思T-恤,图书馆秘思T-恤,图书馆秘思T-恤
515013Text,,图书馆秘思T-恤,图书馆秘思T-恤,图书馆秘思T-恤,图书馆秘思T-恤,图书馆秘思T-恤,图书馆秘思T-恤,图书馆秘思T-恤
515014Name,,天台告白T-恤,天台告白T-恤,天台告白T-恤,天台告白T-恤,天台告白T-恤,天台告白T-恤,天台告白T-恤
515014Text,,天台告白T-恤,天台告白T-恤,天台告白T-恤,天台告白T-恤,天台告白T-恤,天台告白T-恤,天台告白T-恤
515015Name,,月下青衫T-恤,月下青衫T-恤,月下青衫T-恤,月下青衫T-恤,月下青衫T-恤,月下青衫T-恤,月下青衫T-恤
515015Text,,月下青衫T-恤,月下青衫T-恤,月下青衫T-恤,月下青衫T-恤,月下青衫T-恤,月下青衫T-恤,月下青衫T-恤
515016Name,,桃枝执扇T-恤,桃枝执扇T-恤,桃枝执扇T-恤,桃枝执扇T-恤,桃枝执扇T-恤,桃枝执扇T-恤,桃枝执扇T-恤
515016Text,,桃枝执扇T-恤,桃枝执扇T-恤,桃枝执扇T-恤,桃枝执扇T-恤,桃枝执扇T-恤,桃枝执扇T-恤,桃枝执扇T-恤
515017Name,,山河辞赋T-恤,山河辞赋T-恤,山河辞赋T-恤,山河辞赋T-恤,山河辞赋T-恤,山河辞赋T-恤,山河辞赋T-恤
515017Text,,山河辞赋T-恤,山河辞赋T-恤,山河辞赋T-恤,山河辞赋T-恤,山河辞赋T-恤,山河辞赋T-恤,山河辞赋T-恤
515018Name,,云袖清欢T-恤,云袖清欢T-恤,云袖清欢T-恤,云袖清欢T-恤,云袖清欢T-恤,云袖清欢T-恤,云袖清欢T-恤
515018Text,,云袖清欢T-恤,云袖清欢T-恤,云袖清欢T-恤,云袖清欢T-恤,云袖清欢T-恤,云袖清欢T-恤,云袖清欢T-恤
515019Name,,灯影红笺T-恤,灯影红笺T-恤,灯影红笺T-恤,灯影红笺T-恤,灯影红笺T-恤,灯影红笺T-恤,灯影红笺T-恤
515019Text,,灯影红笺T-恤,灯影红笺T-恤,灯影红笺T-恤,灯影红笺T-恤,灯影红笺T-恤,灯影红笺T-恤,灯影红笺T-恤
515020Name,,霓虹战姬T-恤,霓虹战姬T-恤,霓虹战姬T-恤,霓虹战姬T-恤,霓虹战姬T-恤,霓虹战姬T-恤,霓虹战姬T-恤
515020Text,,霓虹战姬T-恤,霓虹战姬T-恤,霓虹战姬T-恤,霓虹战姬T-恤,霓虹战姬T-恤,霓虹战姬T-恤,霓虹战姬T-恤
515021Name,,深空巡卫T-恤,深空巡卫T-恤,深空巡卫T-恤,深空巡卫T-恤,深空巡卫T-恤,深空巡卫T-恤,深空巡卫T-恤
515021Text,,深空巡卫T-恤,深空巡卫T-恤,深空巡卫T-恤,深空巡卫T-恤,深空巡卫T-恤,深空巡卫T-恤,深空巡卫T-恤
515022Name,,机甲星旅T-恤,机甲星旅T-恤,机甲星旅T-恤,机甲星旅T-恤,机甲星旅T-恤,机甲星旅T-恤,机甲星旅T-恤
515022Text,,机甲星旅T-恤,机甲星旅T-恤,机甲星旅T-恤,机甲星旅T-恤,机甲星旅T-恤,机甲星旅T-恤,机甲星旅T-恤
515023Name,,雨夜刃影T-恤,雨夜刃影T-恤,雨夜刃影T-恤,雨夜刃影T-恤,雨夜刃影T-恤,雨夜刃影T-恤,雨夜刃影T-恤
515023Text,,雨夜刃影T-恤,雨夜刃影T-恤,雨夜刃影T-恤,雨夜刃影T-恤,雨夜刃影T-恤,雨夜刃影T-恤,雨夜刃影T-恤
515024Name,,虚空战歌T-恤,虚空战歌T-恤,虚空战歌T-恤,虚空战歌T-恤,虚空战歌T-恤,虚空战歌T-恤,虚空战歌T-恤
515024Text,,虚空战歌T-恤,虚空战歌T-恤,虚空战歌T-恤,虚空战歌T-恤,虚空战歌T-恤,虚空战歌T-恤,虚空战歌T-恤
515025Name,,猫屿午后T-恤,猫屿午后T-恤,猫屿午后T-恤,猫屿午后T-恤,猫屿午后T-恤,猫屿午后T-恤,猫屿午后T-恤
515025Text,,猫屿午后T-恤,猫屿午后T-恤,猫屿午后T-恤,猫屿午后T-恤,猫屿午后T-恤,猫屿午后T-恤,猫屿午后T-恤
515026Name,,雪落狐踪T-恤,雪落狐踪T-恤,雪落狐踪T-恤,雪落狐踪T-恤,雪落狐踪T-恤,雪落狐踪T-恤,雪落狐踪T-恤
515026Text,,雪落狐踪T-恤,雪落狐踪T-恤,雪落狐踪T-恤,雪落狐踪T-恤,雪落狐踪T-恤,雪落狐踪T-恤,雪落狐踪T-恤
515027Name,,深海人鱼T-恤,深海人鱼T-恤,深海人鱼T-恤,深海人鱼T-恤,深海人鱼T-恤,深海人鱼T-恤,深海人鱼T-恤
515027Text,,深海人鱼T-恤,深海人鱼T-恤,深海人鱼T-恤,深海人鱼T-恤,深海人鱼T-恤,深海人鱼T-恤,深海人鱼T-恤
515028Name,,林间萤火T-恤,林间萤火T-恤,林间萤火T-恤,林间萤火T-恤,林间萤火T-恤,林间萤火T-恤,林间萤火T-恤
515028Text,,林间萤火T-恤,林间萤火T-恤,林间萤火T-恤,林间萤火T-恤,林间萤火T-恤,林间萤火T-恤,林间萤火T-恤
515029Name,,浅海碎浪T-恤,浅海碎浪T-恤,浅海碎浪T-恤,浅海碎浪T-恤,浅海碎浪T-恤,浅海碎浪T-恤,浅海碎浪T-恤
515029Text,,浅海碎浪T-恤,浅海碎浪T-恤,浅海碎浪T-恤,浅海碎浪T-恤,浅海碎浪T-恤,浅海碎浪T-恤,浅海碎浪T-恤
600000Name,,星野休憩徽章(次品),星野休憩徽章(次品),星野休憩徽章(次品),星野休憩徽章(次品),星野休憩徽章(次品),星野休憩徽章(次品),星野休憩徽章(次品)
600000Text,,星野休憩徽章(次品),星野休憩徽章(次品),星野休憩徽章(次品),星野休憩徽章(次品),星野休憩徽章(次品),星野休憩徽章(次品),星野休憩徽章(次品)
600001Name,,晚风橘绘徽章(次品),晚风橘绘徽章(次品),晚风橘绘徽章(次品),晚风橘绘徽章(次品),晚风橘绘徽章(次品),晚风橘绘徽章(次品),晚风橘绘徽章(次品)
600001Text,,晚风橘绘徽章(次品),晚风橘绘徽章(次品),晚风橘绘徽章(次品),晚风橘绘徽章(次品),晚风橘绘徽章(次品),晚风橘绘徽章(次品),晚风橘绘徽章(次品)
600002Name,,窗边白笺徽章(次品),窗边白笺徽章(次品),窗边白笺徽章(次品),窗边白笺徽章(次品),窗边白笺徽章(次品),窗边白笺徽章(次品),窗边白笺徽章(次品)
600002Text,,窗边白笺徽章(次品),窗边白笺徽章(次品),窗边白笺徽章(次品),窗边白笺徽章(次品),窗边白笺徽章(次品),窗边白笺徽章(次品),窗边白笺徽章(次品)
600003Name,,青空信约徽章(次品),青空信约徽章(次品),青空信约徽章(次品),青空信约徽章(次品),青空信约徽章(次品),青空信约徽章(次品),青空信约徽章(次品)
600003Text,,青空信约徽章(次品),青空信约徽章(次品),青空信约徽章(次品),青空信约徽章(次品),青空信约徽章(次品),青空信约徽章(次品),青空信约徽章(次品)
600004Name,,樱花私语徽章(次品),樱花私语徽章(次品),樱花私语徽章(次品),樱花私语徽章(次品),樱花私语徽章(次品),樱花私语徽章(次品),樱花私语徽章(次品)
600004Text,,樱花私语徽章(次品),樱花私语徽章(次品),樱花私语徽章(次品),樱花私语徽章(次品),樱花私语徽章(次品),樱花私语徽章(次品),樱花私语徽章(次品)
600005Name,,星轨魔导徽章(次品),星轨魔导徽章(次品),星轨魔导徽章(次品),星轨魔导徽章(次品),星轨魔导徽章(次品),星轨魔导徽章(次品),星轨魔导徽章(次品)
600005Text,,星轨魔导徽章(次品),星轨魔导徽章(次品),星轨魔导徽章(次品),星轨魔导徽章(次品),星轨魔导徽章(次品),星轨魔导徽章(次品),星轨魔导徽章(次品)
600006Name,,雾境魔女徽章(次品),雾境魔女徽章(次品),雾境魔女徽章(次品),雾境魔女徽章(次品),雾境魔女徽章(次品),雾境魔女徽章(次品),雾境魔女徽章(次品)
600006Text,,雾境魔女徽章(次品),雾境魔女徽章(次品),雾境魔女徽章(次品),雾境魔女徽章(次品),雾境魔女徽章(次品),雾境魔女徽章(次品),雾境魔女徽章(次品)
600007Name,,月光咒印徽章(次品),月光咒印徽章(次品),月光咒印徽章(次品),月光咒印徽章(次品),月光咒印徽章(次品),月光咒印徽章(次品),月光咒印徽章(次品)
600007Text,,月光咒印徽章(次品),月光咒印徽章(次品),月光咒印徽章(次品),月光咒印徽章(次品),月光咒印徽章(次品),月光咒印徽章(次品),月光咒印徽章(次品)
600008Name,,冰晶灵使徽章(次品),冰晶灵使徽章(次品),冰晶灵使徽章(次品),冰晶灵使徽章(次品),冰晶灵使徽章(次品),冰晶灵使徽章(次品),冰晶灵使徽章(次品)
600008Text,,冰晶灵使徽章(次品),冰晶灵使徽章(次品),冰晶灵使徽章(次品),冰晶灵使徽章(次品),冰晶灵使徽章(次品),冰晶灵使徽章(次品),冰晶灵使徽章(次品)
600009Name,,云间神谕徽章(次品),云间神谕徽章(次品),云间神谕徽章(次品),云间神谕徽章(次品),云间神谕徽章(次品),云间神谕徽章(次品),云间神谕徽章(次品)
600009Text,,云间神谕徽章(次品),云间神谕徽章(次品),云间神谕徽章(次品),云间神谕徽章(次品),云间神谕徽章(次品),云间神谕徽章(次品),云间神谕徽章(次品)
600010Name,,课间碎光徽章(次品),课间碎光徽章(次品),课间碎光徽章(次品),课间碎光徽章(次品),课间碎光徽章(次品),课间碎光徽章(次品),课间碎光徽章(次品)
600010Text,,课间碎光徽章(次品),课间碎光徽章(次品),课间碎光徽章(次品),课间碎光徽章(次品),课间碎光徽章(次品),课间碎光徽章(次品),课间碎光徽章(次品)
600011Name,,校服晚风徽章(次品),校服晚风徽章(次品),校服晚风徽章(次品),校服晚风徽章(次品),校服晚风徽章(次品),校服晚风徽章(次品),校服晚风徽章(次品)
600011Text,,校服晚风徽章(次品),校服晚风徽章(次品),校服晚风徽章(次品),校服晚风徽章(次品),校服晚风徽章(次品),校服晚风徽章(次品),校服晚风徽章(次品)
600012Name,,操场落日徽章(次品),操场落日徽章(次品),操场落日徽章(次品),操场落日徽章(次品),操场落日徽章(次品),操场落日徽章(次品),操场落日徽章(次品)
600012Text,,操场落日徽章(次品),操场落日徽章(次品),操场落日徽章(次品),操场落日徽章(次品),操场落日徽章(次品),操场落日徽章(次品),操场落日徽章(次品)
600013Name,,图书馆秘思徽章(次品),图书馆秘思徽章(次品),图书馆秘思徽章(次品),图书馆秘思徽章(次品),图书馆秘思徽章(次品),图书馆秘思徽章(次品),图书馆秘思徽章(次品)
600013Text,,图书馆秘思徽章(次品),图书馆秘思徽章(次品),图书馆秘思徽章(次品),图书馆秘思徽章(次品),图书馆秘思徽章(次品),图书馆秘思徽章(次品),图书馆秘思徽章(次品)
600014Name,,天台告白徽章(次品),天台告白徽章(次品),天台告白徽章(次品),天台告白徽章(次品),天台告白徽章(次品),天台告白徽章(次品),天台告白徽章(次品)
600014Text,,天台告白徽章(次品),天台告白徽章(次品),天台告白徽章(次品),天台告白徽章(次品),天台告白徽章(次品),天台告白徽章(次品),天台告白徽章(次品)
600015Name,,月下青衫徽章(次品),月下青衫徽章(次品),月下青衫徽章(次品),月下青衫徽章(次品),月下青衫徽章(次品),月下青衫徽章(次品),月下青衫徽章(次品)
600015Text,,月下青衫徽章(次品),月下青衫徽章(次品),月下青衫徽章(次品),月下青衫徽章(次品),月下青衫徽章(次品),月下青衫徽章(次品),月下青衫徽章(次品)
600016Name,,桃枝执扇徽章(次品),桃枝执扇徽章(次品),桃枝执扇徽章(次品),桃枝执扇徽章(次品),桃枝执扇徽章(次品),桃枝执扇徽章(次品),桃枝执扇徽章(次品)
600016Text,,桃枝执扇徽章(次品),桃枝执扇徽章(次品),桃枝执扇徽章(次品),桃枝执扇徽章(次品),桃枝执扇徽章(次品),桃枝执扇徽章(次品),桃枝执扇徽章(次品)
600017Name,,山河辞赋徽章(次品),山河辞赋徽章(次品),山河辞赋徽章(次品),山河辞赋徽章(次品),山河辞赋徽章(次品),山河辞赋徽章(次品),山河辞赋徽章(次品)
600017Text,,山河辞赋徽章(次品),山河辞赋徽章(次品),山河辞赋徽章(次品),山河辞赋徽章(次品),山河辞赋徽章(次品),山河辞赋徽章(次品),山河辞赋徽章(次品)
600018Name,,云袖清欢徽章(次品),云袖清欢徽章(次品),云袖清欢徽章(次品),云袖清欢徽章(次品),云袖清欢徽章(次品),云袖清欢徽章(次品),云袖清欢徽章(次品)
600018Text,,云袖清欢徽章(次品),云袖清欢徽章(次品),云袖清欢徽章(次品),云袖清欢徽章(次品),云袖清欢徽章(次品),云袖清欢徽章(次品),云袖清欢徽章(次品)
600019Name,,灯影红笺徽章(次品),灯影红笺徽章(次品),灯影红笺徽章(次品),灯影红笺徽章(次品),灯影红笺徽章(次品),灯影红笺徽章(次品),灯影红笺徽章(次品)
600019Text,,灯影红笺徽章(次品),灯影红笺徽章(次品),灯影红笺徽章(次品),灯影红笺徽章(次品),灯影红笺徽章(次品),灯影红笺徽章(次品),灯影红笺徽章(次品)
600020Name,,霓虹战姬徽章(次品),霓虹战姬徽章(次品),霓虹战姬徽章(次品),霓虹战姬徽章(次品),霓虹战姬徽章(次品),霓虹战姬徽章(次品),霓虹战姬徽章(次品)
600020Text,,霓虹战姬徽章(次品),霓虹战姬徽章(次品),霓虹战姬徽章(次品),霓虹战姬徽章(次品),霓虹战姬徽章(次品),霓虹战姬徽章(次品),霓虹战姬徽章(次品)
600021Name,,深空巡卫徽章(次品),深空巡卫徽章(次品),深空巡卫徽章(次品),深空巡卫徽章(次品),深空巡卫徽章(次品),深空巡卫徽章(次品),深空巡卫徽章(次品)
600021Text,,深空巡卫徽章(次品),深空巡卫徽章(次品),深空巡卫徽章(次品),深空巡卫徽章(次品),深空巡卫徽章(次品),深空巡卫徽章(次品),深空巡卫徽章(次品)
600022Name,,机甲星旅徽章(次品),机甲星旅徽章(次品),机甲星旅徽章(次品),机甲星旅徽章(次品),机甲星旅徽章(次品),机甲星旅徽章(次品),机甲星旅徽章(次品)
600022Text,,机甲星旅徽章(次品),机甲星旅徽章(次品),机甲星旅徽章(次品),机甲星旅徽章(次品),机甲星旅徽章(次品),机甲星旅徽章(次品),机甲星旅徽章(次品)
600023Name,,雨夜刃影徽章(次品),雨夜刃影徽章(次品),雨夜刃影徽章(次品),雨夜刃影徽章(次品),雨夜刃影徽章(次品),雨夜刃影徽章(次品),雨夜刃影徽章(次品)
600023Text,,雨夜刃影徽章(次品),雨夜刃影徽章(次品),雨夜刃影徽章(次品),雨夜刃影徽章(次品),雨夜刃影徽章(次品),雨夜刃影徽章(次品),雨夜刃影徽章(次品)
600024Name,,虚空战歌徽章(次品),虚空战歌徽章(次品),虚空战歌徽章(次品),虚空战歌徽章(次品),虚空战歌徽章(次品),虚空战歌徽章(次品),虚空战歌徽章(次品)
600024Text,,虚空战歌徽章(次品),虚空战歌徽章(次品),虚空战歌徽章(次品),虚空战歌徽章(次品),虚空战歌徽章(次品),虚空战歌徽章(次品),虚空战歌徽章(次品)
600025Name,,猫屿午后徽章(次品),猫屿午后徽章(次品),猫屿午后徽章(次品),猫屿午后徽章(次品),猫屿午后徽章(次品),猫屿午后徽章(次品),猫屿午后徽章(次品)
600025Text,,猫屿午后徽章(次品),猫屿午后徽章(次品),猫屿午后徽章(次品),猫屿午后徽章(次品),猫屿午后徽章(次品),猫屿午后徽章(次品),猫屿午后徽章(次品)
600026Name,,雪落狐踪徽章(次品),雪落狐踪徽章(次品),雪落狐踪徽章(次品),雪落狐踪徽章(次品),雪落狐踪徽章(次品),雪落狐踪徽章(次品),雪落狐踪徽章(次品)
600026Text,,雪落狐踪徽章(次品),雪落狐踪徽章(次品),雪落狐踪徽章(次品),雪落狐踪徽章(次品),雪落狐踪徽章(次品),雪落狐踪徽章(次品),雪落狐踪徽章(次品)
600027Name,,深海人鱼徽章(次品),深海人鱼徽章(次品),深海人鱼徽章(次品),深海人鱼徽章(次品),深海人鱼徽章(次品),深海人鱼徽章(次品),深海人鱼徽章(次品)
600027Text,,深海人鱼徽章(次品),深海人鱼徽章(次品),深海人鱼徽章(次品),深海人鱼徽章(次品),深海人鱼徽章(次品),深海人鱼徽章(次品),深海人鱼徽章(次品)
600028Name,,林间萤火徽章(次品),林间萤火徽章(次品),林间萤火徽章(次品),林间萤火徽章(次品),林间萤火徽章(次品),林间萤火徽章(次品),林间萤火徽章(次品)
600028Text,,林间萤火徽章(次品),林间萤火徽章(次品),林间萤火徽章(次品),林间萤火徽章(次品),林间萤火徽章(次品),林间萤火徽章(次品),林间萤火徽章(次品)
600029Name,,浅海碎浪徽章(次品),浅海碎浪徽章(次品),浅海碎浪徽章(次品),浅海碎浪徽章(次品),浅海碎浪徽章(次品),浅海碎浪徽章(次品),浅海碎浪徽章(次品)
600029Text,,浅海碎浪徽章(次品),浅海碎浪徽章(次品),浅海碎浪徽章(次品),浅海碎浪徽章(次品),浅海碎浪徽章(次品),浅海碎浪徽章(次品),浅海碎浪徽章(次品)
601000Name,,星野休憩画册(次品),星野休憩画册(次品),星野休憩画册(次品),星野休憩画册(次品),星野休憩画册(次品),星野休憩画册(次品),星野休憩画册(次品)
601000Text,,星野休憩画册(次品),星野休憩画册(次品),星野休憩画册(次品),星野休憩画册(次品),星野休憩画册(次品),星野休憩画册(次品),星野休憩画册(次品)
601001Name,,晚风橘绘画册(次品),晚风橘绘画册(次品),晚风橘绘画册(次品),晚风橘绘画册(次品),晚风橘绘画册(次品),晚风橘绘画册(次品),晚风橘绘画册(次品)
601001Text,,晚风橘绘画册(次品),晚风橘绘画册(次品),晚风橘绘画册(次品),晚风橘绘画册(次品),晚风橘绘画册(次品),晚风橘绘画册(次品),晚风橘绘画册(次品)
601002Name,,窗边白笺画册(次品),窗边白笺画册(次品),窗边白笺画册(次品),窗边白笺画册(次品),窗边白笺画册(次品),窗边白笺画册(次品),窗边白笺画册(次品)
601002Text,,窗边白笺画册(次品),窗边白笺画册(次品),窗边白笺画册(次品),窗边白笺画册(次品),窗边白笺画册(次品),窗边白笺画册(次品),窗边白笺画册(次品)
601003Name,,青空信约画册(次品),青空信约画册(次品),青空信约画册(次品),青空信约画册(次品),青空信约画册(次品),青空信约画册(次品),青空信约画册(次品)
601003Text,,青空信约画册(次品),青空信约画册(次品),青空信约画册(次品),青空信约画册(次品),青空信约画册(次品),青空信约画册(次品),青空信约画册(次品)
601004Name,,樱花私语画册(次品),樱花私语画册(次品),樱花私语画册(次品),樱花私语画册(次品),樱花私语画册(次品),樱花私语画册(次品),樱花私语画册(次品)
601004Text,,樱花私语画册(次品),樱花私语画册(次品),樱花私语画册(次品),樱花私语画册(次品),樱花私语画册(次品),樱花私语画册(次品),樱花私语画册(次品)
601005Name,,星轨魔导画册(次品),星轨魔导画册(次品),星轨魔导画册(次品),星轨魔导画册(次品),星轨魔导画册(次品),星轨魔导画册(次品),星轨魔导画册(次品)
601005Text,,星轨魔导画册(次品),星轨魔导画册(次品),星轨魔导画册(次品),星轨魔导画册(次品),星轨魔导画册(次品),星轨魔导画册(次品),星轨魔导画册(次品)
601006Name,,雾境魔女画册(次品),雾境魔女画册(次品),雾境魔女画册(次品),雾境魔女画册(次品),雾境魔女画册(次品),雾境魔女画册(次品),雾境魔女画册(次品)
601006Text,,雾境魔女画册(次品),雾境魔女画册(次品),雾境魔女画册(次品),雾境魔女画册(次品),雾境魔女画册(次品),雾境魔女画册(次品),雾境魔女画册(次品)
601007Name,,月光咒印画册(次品),月光咒印画册(次品),月光咒印画册(次品),月光咒印画册(次品),月光咒印画册(次品),月光咒印画册(次品),月光咒印画册(次品)
601007Text,,月光咒印画册(次品),月光咒印画册(次品),月光咒印画册(次品),月光咒印画册(次品),月光咒印画册(次品),月光咒印画册(次品),月光咒印画册(次品)
601008Name,,冰晶灵使画册(次品),冰晶灵使画册(次品),冰晶灵使画册(次品),冰晶灵使画册(次品),冰晶灵使画册(次品),冰晶灵使画册(次品),冰晶灵使画册(次品)
601008Text,,冰晶灵使画册(次品),冰晶灵使画册(次品),冰晶灵使画册(次品),冰晶灵使画册(次品),冰晶灵使画册(次品),冰晶灵使画册(次品),冰晶灵使画册(次品)
601009Name,,云间神谕画册(次品),云间神谕画册(次品),云间神谕画册(次品),云间神谕画册(次品),云间神谕画册(次品),云间神谕画册(次品),云间神谕画册(次品)
601009Text,,云间神谕画册(次品),云间神谕画册(次品),云间神谕画册(次品),云间神谕画册(次品),云间神谕画册(次品),云间神谕画册(次品),云间神谕画册(次品)
601010Name,,课间碎光画册(次品),课间碎光画册(次品),课间碎光画册(次品),课间碎光画册(次品),课间碎光画册(次品),课间碎光画册(次品),课间碎光画册(次品)
601010Text,,课间碎光画册(次品),课间碎光画册(次品),课间碎光画册(次品),课间碎光画册(次品),课间碎光画册(次品),课间碎光画册(次品),课间碎光画册(次品)
601011Name,,校服晚风画册(次品),校服晚风画册(次品),校服晚风画册(次品),校服晚风画册(次品),校服晚风画册(次品),校服晚风画册(次品),校服晚风画册(次品)
601011Text,,校服晚风画册(次品),校服晚风画册(次品),校服晚风画册(次品),校服晚风画册(次品),校服晚风画册(次品),校服晚风画册(次品),校服晚风画册(次品)
601012Name,,操场落日画册(次品),操场落日画册(次品),操场落日画册(次品),操场落日画册(次品),操场落日画册(次品),操场落日画册(次品),操场落日画册(次品)
601012Text,,操场落日画册(次品),操场落日画册(次品),操场落日画册(次品),操场落日画册(次品),操场落日画册(次品),操场落日画册(次品),操场落日画册(次品)
601013Name,,图书馆秘思画册(次品),图书馆秘思画册(次品),图书馆秘思画册(次品),图书馆秘思画册(次品),图书馆秘思画册(次品),图书馆秘思画册(次品),图书馆秘思画册(次品)
601013Text,,图书馆秘思画册(次品),图书馆秘思画册(次品),图书馆秘思画册(次品),图书馆秘思画册(次品),图书馆秘思画册(次品),图书馆秘思画册(次品),图书馆秘思画册(次品)
601014Name,,天台告白画册(次品),天台告白画册(次品),天台告白画册(次品),天台告白画册(次品),天台告白画册(次品),天台告白画册(次品),天台告白画册(次品)
601014Text,,天台告白画册(次品),天台告白画册(次品),天台告白画册(次品),天台告白画册(次品),天台告白画册(次品),天台告白画册(次品),天台告白画册(次品)
601015Name,,月下青衫画册(次品),月下青衫画册(次品),月下青衫画册(次品),月下青衫画册(次品),月下青衫画册(次品),月下青衫画册(次品),月下青衫画册(次品)
601015Text,,月下青衫画册(次品),月下青衫画册(次品),月下青衫画册(次品),月下青衫画册(次品),月下青衫画册(次品),月下青衫画册(次品),月下青衫画册(次品)
601016Name,,桃枝执扇画册(次品),桃枝执扇画册(次品),桃枝执扇画册(次品),桃枝执扇画册(次品),桃枝执扇画册(次品),桃枝执扇画册(次品),桃枝执扇画册(次品)
601016Text,,桃枝执扇画册(次品),桃枝执扇画册(次品),桃枝执扇画册(次品),桃枝执扇画册(次品),桃枝执扇画册(次品),桃枝执扇画册(次品),桃枝执扇画册(次品)
601017Name,,山河辞赋画册(次品),山河辞赋画册(次品),山河辞赋画册(次品),山河辞赋画册(次品),山河辞赋画册(次品),山河辞赋画册(次品),山河辞赋画册(次品)
601017Text,,山河辞赋画册(次品),山河辞赋画册(次品),山河辞赋画册(次品),山河辞赋画册(次品),山河辞赋画册(次品),山河辞赋画册(次品),山河辞赋画册(次品)
601018Name,,云袖清欢画册(次品),云袖清欢画册(次品),云袖清欢画册(次品),云袖清欢画册(次品),云袖清欢画册(次品),云袖清欢画册(次品),云袖清欢画册(次品)
601018Text,,云袖清欢画册(次品),云袖清欢画册(次品),云袖清欢画册(次品),云袖清欢画册(次品),云袖清欢画册(次品),云袖清欢画册(次品),云袖清欢画册(次品)
601019Name,,灯影红笺画册(次品),灯影红笺画册(次品),灯影红笺画册(次品),灯影红笺画册(次品),灯影红笺画册(次品),灯影红笺画册(次品),灯影红笺画册(次品)
601019Text,,灯影红笺画册(次品),灯影红笺画册(次品),灯影红笺画册(次品),灯影红笺画册(次品),灯影红笺画册(次品),灯影红笺画册(次品),灯影红笺画册(次品)
601020Name,,霓虹战姬画册(次品),霓虹战姬画册(次品),霓虹战姬画册(次品),霓虹战姬画册(次品),霓虹战姬画册(次品),霓虹战姬画册(次品),霓虹战姬画册(次品)
601020Text,,霓虹战姬画册(次品),霓虹战姬画册(次品),霓虹战姬画册(次品),霓虹战姬画册(次品),霓虹战姬画册(次品),霓虹战姬画册(次品),霓虹战姬画册(次品)
601021Name,,深空巡卫画册(次品),深空巡卫画册(次品),深空巡卫画册(次品),深空巡卫画册(次品),深空巡卫画册(次品),深空巡卫画册(次品),深空巡卫画册(次品)
601021Text,,深空巡卫画册(次品),深空巡卫画册(次品),深空巡卫画册(次品),深空巡卫画册(次品),深空巡卫画册(次品),深空巡卫画册(次品),深空巡卫画册(次品)
601022Name,,机甲星旅画册(次品),机甲星旅画册(次品),机甲星旅画册(次品),机甲星旅画册(次品),机甲星旅画册(次品),机甲星旅画册(次品),机甲星旅画册(次品)
601022Text,,机甲星旅画册(次品),机甲星旅画册(次品),机甲星旅画册(次品),机甲星旅画册(次品),机甲星旅画册(次品),机甲星旅画册(次品),机甲星旅画册(次品)
601023Name,,雨夜刃影画册(次品),雨夜刃影画册(次品),雨夜刃影画册(次品),雨夜刃影画册(次品),雨夜刃影画册(次品),雨夜刃影画册(次品),雨夜刃影画册(次品)
601023Text,,雨夜刃影画册(次品),雨夜刃影画册(次品),雨夜刃影画册(次品),雨夜刃影画册(次品),雨夜刃影画册(次品),雨夜刃影画册(次品),雨夜刃影画册(次品)
601024Name,,虚空战歌画册(次品),虚空战歌画册(次品),虚空战歌画册(次品),虚空战歌画册(次品),虚空战歌画册(次品),虚空战歌画册(次品),虚空战歌画册(次品)
601024Text,,虚空战歌画册(次品),虚空战歌画册(次品),虚空战歌画册(次品),虚空战歌画册(次品),虚空战歌画册(次品),虚空战歌画册(次品),虚空战歌画册(次品)
601025Name,,猫屿午后画册(次品),猫屿午后画册(次品),猫屿午后画册(次品),猫屿午后画册(次品),猫屿午后画册(次品),猫屿午后画册(次品),猫屿午后画册(次品)
601025Text,,猫屿午后画册(次品),猫屿午后画册(次品),猫屿午后画册(次品),猫屿午后画册(次品),猫屿午后画册(次品),猫屿午后画册(次品),猫屿午后画册(次品)
601026Name,,雪落狐踪画册(次品),雪落狐踪画册(次品),雪落狐踪画册(次品),雪落狐踪画册(次品),雪落狐踪画册(次品),雪落狐踪画册(次品),雪落狐踪画册(次品)
601026Text,,雪落狐踪画册(次品),雪落狐踪画册(次品),雪落狐踪画册(次品),雪落狐踪画册(次品),雪落狐踪画册(次品),雪落狐踪画册(次品),雪落狐踪画册(次品)
601027Name,,深海人鱼画册(次品),深海人鱼画册(次品),深海人鱼画册(次品),深海人鱼画册(次品),深海人鱼画册(次品),深海人鱼画册(次品),深海人鱼画册(次品)
601027Text,,深海人鱼画册(次品),深海人鱼画册(次品),深海人鱼画册(次品),深海人鱼画册(次品),深海人鱼画册(次品),深海人鱼画册(次品),深海人鱼画册(次品)
601028Name,,林间萤火画册(次品),林间萤火画册(次品),林间萤火画册(次品),林间萤火画册(次品),林间萤火画册(次品),林间萤火画册(次品),林间萤火画册(次品)
601028Text,,林间萤火画册(次品),林间萤火画册(次品),林间萤火画册(次品),林间萤火画册(次品),林间萤火画册(次品),林间萤火画册(次品),林间萤火画册(次品)
601029Name,,浅海碎浪画册(次品),浅海碎浪画册(次品),浅海碎浪画册(次品),浅海碎浪画册(次品),浅海碎浪画册(次品),浅海碎浪画册(次品),浅海碎浪画册(次品)
601029Text,,浅海碎浪画册(次品),浅海碎浪画册(次品),浅海碎浪画册(次品),浅海碎浪画册(次品),浅海碎浪画册(次品),浅海碎浪画册(次品),浅海碎浪画册(次品)
602000Name,,星野休憩抱枕(次品),星野休憩抱枕(次品),星野休憩抱枕(次品),星野休憩抱枕(次品),星野休憩抱枕(次品),星野休憩抱枕(次品),星野休憩抱枕(次品)
602000Text,,星野休憩抱枕(次品),星野休憩抱枕(次品),星野休憩抱枕(次品),星野休憩抱枕(次品),星野休憩抱枕(次品),星野休憩抱枕(次品),星野休憩抱枕(次品)
602001Name,,晚风橘绘抱枕(次品),晚风橘绘抱枕(次品),晚风橘绘抱枕(次品),晚风橘绘抱枕(次品),晚风橘绘抱枕(次品),晚风橘绘抱枕(次品),晚风橘绘抱枕(次品)
602001Text,,晚风橘绘抱枕(次品),晚风橘绘抱枕(次品),晚风橘绘抱枕(次品),晚风橘绘抱枕(次品),晚风橘绘抱枕(次品),晚风橘绘抱枕(次品),晚风橘绘抱枕(次品)
602002Name,,窗边白笺抱枕(次品),窗边白笺抱枕(次品),窗边白笺抱枕(次品),窗边白笺抱枕(次品),窗边白笺抱枕(次品),窗边白笺抱枕(次品),窗边白笺抱枕(次品)
602002Text,,窗边白笺抱枕(次品),窗边白笺抱枕(次品),窗边白笺抱枕(次品),窗边白笺抱枕(次品),窗边白笺抱枕(次品),窗边白笺抱枕(次品),窗边白笺抱枕(次品)
602003Name,,青空信约抱枕(次品),青空信约抱枕(次品),青空信约抱枕(次品),青空信约抱枕(次品),青空信约抱枕(次品),青空信约抱枕(次品),青空信约抱枕(次品)
602003Text,,青空信约抱枕(次品),青空信约抱枕(次品),青空信约抱枕(次品),青空信约抱枕(次品),青空信约抱枕(次品),青空信约抱枕(次品),青空信约抱枕(次品)
602004Name,,樱花私语抱枕(次品),樱花私语抱枕(次品),樱花私语抱枕(次品),樱花私语抱枕(次品),樱花私语抱枕(次品),樱花私语抱枕(次品),樱花私语抱枕(次品)
602004Text,,樱花私语抱枕(次品),樱花私语抱枕(次品),樱花私语抱枕(次品),樱花私语抱枕(次品),樱花私语抱枕(次品),樱花私语抱枕(次品),樱花私语抱枕(次品)
602005Name,,星轨魔导抱枕(次品),星轨魔导抱枕(次品),星轨魔导抱枕(次品),星轨魔导抱枕(次品),星轨魔导抱枕(次品),星轨魔导抱枕(次品),星轨魔导抱枕(次品)
602005Text,,星轨魔导抱枕(次品),星轨魔导抱枕(次品),星轨魔导抱枕(次品),星轨魔导抱枕(次品),星轨魔导抱枕(次品),星轨魔导抱枕(次品),星轨魔导抱枕(次品)
602006Name,,雾境魔女抱枕(次品),雾境魔女抱枕(次品),雾境魔女抱枕(次品),雾境魔女抱枕(次品),雾境魔女抱枕(次品),雾境魔女抱枕(次品),雾境魔女抱枕(次品)
602006Text,,雾境魔女抱枕(次品),雾境魔女抱枕(次品),雾境魔女抱枕(次品),雾境魔女抱枕(次品),雾境魔女抱枕(次品),雾境魔女抱枕(次品),雾境魔女抱枕(次品)
602007Name,,月光咒印抱枕(次品),月光咒印抱枕(次品),月光咒印抱枕(次品),月光咒印抱枕(次品),月光咒印抱枕(次品),月光咒印抱枕(次品),月光咒印抱枕(次品)
602007Text,,月光咒印抱枕(次品),月光咒印抱枕(次品),月光咒印抱枕(次品),月光咒印抱枕(次品),月光咒印抱枕(次品),月光咒印抱枕(次品),月光咒印抱枕(次品)
602008Name,,冰晶灵使抱枕(次品),冰晶灵使抱枕(次品),冰晶灵使抱枕(次品),冰晶灵使抱枕(次品),冰晶灵使抱枕(次品),冰晶灵使抱枕(次品),冰晶灵使抱枕(次品)
602008Text,,冰晶灵使抱枕(次品),冰晶灵使抱枕(次品),冰晶灵使抱枕(次品),冰晶灵使抱枕(次品),冰晶灵使抱枕(次品),冰晶灵使抱枕(次品),冰晶灵使抱枕(次品)
602009Name,,云间神谕抱枕(次品),云间神谕抱枕(次品),云间神谕抱枕(次品),云间神谕抱枕(次品),云间神谕抱枕(次品),云间神谕抱枕(次品),云间神谕抱枕(次品)
602009Text,,云间神谕抱枕(次品),云间神谕抱枕(次品),云间神谕抱枕(次品),云间神谕抱枕(次品),云间神谕抱枕(次品),云间神谕抱枕(次品),云间神谕抱枕(次品)
602010Name,,课间碎光抱枕(次品),课间碎光抱枕(次品),课间碎光抱枕(次品),课间碎光抱枕(次品),课间碎光抱枕(次品),课间碎光抱枕(次品),课间碎光抱枕(次品)
602010Text,,课间碎光抱枕(次品),课间碎光抱枕(次品),课间碎光抱枕(次品),课间碎光抱枕(次品),课间碎光抱枕(次品),课间碎光抱枕(次品),课间碎光抱枕(次品)
602011Name,,校服晚风抱枕(次品),校服晚风抱枕(次品),校服晚风抱枕(次品),校服晚风抱枕(次品),校服晚风抱枕(次品),校服晚风抱枕(次品),校服晚风抱枕(次品)
602011Text,,校服晚风抱枕(次品),校服晚风抱枕(次品),校服晚风抱枕(次品),校服晚风抱枕(次品),校服晚风抱枕(次品),校服晚风抱枕(次品),校服晚风抱枕(次品)
602012Name,,操场落日抱枕(次品),操场落日抱枕(次品),操场落日抱枕(次品),操场落日抱枕(次品),操场落日抱枕(次品),操场落日抱枕(次品),操场落日抱枕(次品)
602012Text,,操场落日抱枕(次品),操场落日抱枕(次品),操场落日抱枕(次品),操场落日抱枕(次品),操场落日抱枕(次品),操场落日抱枕(次品),操场落日抱枕(次品)
602013Name,,图书馆秘思抱枕(次品),图书馆秘思抱枕(次品),图书馆秘思抱枕(次品),图书馆秘思抱枕(次品),图书馆秘思抱枕(次品),图书馆秘思抱枕(次品),图书馆秘思抱枕(次品)
602013Text,,图书馆秘思抱枕(次品),图书馆秘思抱枕(次品),图书馆秘思抱枕(次品),图书馆秘思抱枕(次品),图书馆秘思抱枕(次品),图书馆秘思抱枕(次品),图书馆秘思抱枕(次品)
602014Name,,天台告白抱枕(次品),天台告白抱枕(次品),天台告白抱枕(次品),天台告白抱枕(次品),天台告白抱枕(次品),天台告白抱枕(次品),天台告白抱枕(次品)
602014Text,,天台告白抱枕(次品),天台告白抱枕(次品),天台告白抱枕(次品),天台告白抱枕(次品),天台告白抱枕(次品),天台告白抱枕(次品),天台告白抱枕(次品)
602015Name,,月下青衫抱枕(次品),月下青衫抱枕(次品),月下青衫抱枕(次品),月下青衫抱枕(次品),月下青衫抱枕(次品),月下青衫抱枕(次品),月下青衫抱枕(次品)
602015Text,,月下青衫抱枕(次品),月下青衫抱枕(次品),月下青衫抱枕(次品),月下青衫抱枕(次品),月下青衫抱枕(次品),月下青衫抱枕(次品),月下青衫抱枕(次品)
602016Name,,桃枝执扇抱枕(次品),桃枝执扇抱枕(次品),桃枝执扇抱枕(次品),桃枝执扇抱枕(次品),桃枝执扇抱枕(次品),桃枝执扇抱枕(次品),桃枝执扇抱枕(次品)
602016Text,,桃枝执扇抱枕(次品),桃枝执扇抱枕(次品),桃枝执扇抱枕(次品),桃枝执扇抱枕(次品),桃枝执扇抱枕(次品),桃枝执扇抱枕(次品),桃枝执扇抱枕(次品)
602017Name,,山河辞赋抱枕(次品),山河辞赋抱枕(次品),山河辞赋抱枕(次品),山河辞赋抱枕(次品),山河辞赋抱枕(次品),山河辞赋抱枕(次品),山河辞赋抱枕(次品)
602017Text,,山河辞赋抱枕(次品),山河辞赋抱枕(次品),山河辞赋抱枕(次品),山河辞赋抱枕(次品),山河辞赋抱枕(次品),山河辞赋抱枕(次品),山河辞赋抱枕(次品)
602018Name,,云袖清欢抱枕(次品),云袖清欢抱枕(次品),云袖清欢抱枕(次品),云袖清欢抱枕(次品),云袖清欢抱枕(次品),云袖清欢抱枕(次品),云袖清欢抱枕(次品)
602018Text,,云袖清欢抱枕(次品),云袖清欢抱枕(次品),云袖清欢抱枕(次品),云袖清欢抱枕(次品),云袖清欢抱枕(次品),云袖清欢抱枕(次品),云袖清欢抱枕(次品)
602019Name,,灯影红笺抱枕(次品),灯影红笺抱枕(次品),灯影红笺抱枕(次品),灯影红笺抱枕(次品),灯影红笺抱枕(次品),灯影红笺抱枕(次品),灯影红笺抱枕(次品)
602019Text,,灯影红笺抱枕(次品),灯影红笺抱枕(次品),灯影红笺抱枕(次品),灯影红笺抱枕(次品),灯影红笺抱枕(次品),灯影红笺抱枕(次品),灯影红笺抱枕(次品)
602020Name,,霓虹战姬抱枕(次品),霓虹战姬抱枕(次品),霓虹战姬抱枕(次品),霓虹战姬抱枕(次品),霓虹战姬抱枕(次品),霓虹战姬抱枕(次品),霓虹战姬抱枕(次品)
602020Text,,霓虹战姬抱枕(次品),霓虹战姬抱枕(次品),霓虹战姬抱枕(次品),霓虹战姬抱枕(次品),霓虹战姬抱枕(次品),霓虹战姬抱枕(次品),霓虹战姬抱枕(次品)
602021Name,,深空巡卫抱枕(次品),深空巡卫抱枕(次品),深空巡卫抱枕(次品),深空巡卫抱枕(次品),深空巡卫抱枕(次品),深空巡卫抱枕(次品),深空巡卫抱枕(次品)
602021Text,,深空巡卫抱枕(次品),深空巡卫抱枕(次品),深空巡卫抱枕(次品),深空巡卫抱枕(次品),深空巡卫抱枕(次品),深空巡卫抱枕(次品),深空巡卫抱枕(次品)
602022Name,,机甲星旅抱枕(次品),机甲星旅抱枕(次品),机甲星旅抱枕(次品),机甲星旅抱枕(次品),机甲星旅抱枕(次品),机甲星旅抱枕(次品),机甲星旅抱枕(次品)
602022Text,,机甲星旅抱枕(次品),机甲星旅抱枕(次品),机甲星旅抱枕(次品),机甲星旅抱枕(次品),机甲星旅抱枕(次品),机甲星旅抱枕(次品),机甲星旅抱枕(次品)
602023Name,,雨夜刃影抱枕(次品),雨夜刃影抱枕(次品),雨夜刃影抱枕(次品),雨夜刃影抱枕(次品),雨夜刃影抱枕(次品),雨夜刃影抱枕(次品),雨夜刃影抱枕(次品)
602023Text,,雨夜刃影抱枕(次品),雨夜刃影抱枕(次品),雨夜刃影抱枕(次品),雨夜刃影抱枕(次品),雨夜刃影抱枕(次品),雨夜刃影抱枕(次品),雨夜刃影抱枕(次品)
602024Name,,虚空战歌抱枕(次品),虚空战歌抱枕(次品),虚空战歌抱枕(次品),虚空战歌抱枕(次品),虚空战歌抱枕(次品),虚空战歌抱枕(次品),虚空战歌抱枕(次品)
602024Text,,虚空战歌抱枕(次品),虚空战歌抱枕(次品),虚空战歌抱枕(次品),虚空战歌抱枕(次品),虚空战歌抱枕(次品),虚空战歌抱枕(次品),虚空战歌抱枕(次品)
602025Name,,猫屿午后抱枕(次品),猫屿午后抱枕(次品),猫屿午后抱枕(次品),猫屿午后抱枕(次品),猫屿午后抱枕(次品),猫屿午后抱枕(次品),猫屿午后抱枕(次品)
602025Text,,猫屿午后抱枕(次品),猫屿午后抱枕(次品),猫屿午后抱枕(次品),猫屿午后抱枕(次品),猫屿午后抱枕(次品),猫屿午后抱枕(次品),猫屿午后抱枕(次品)
602026Name,,雪落狐踪抱枕(次品),雪落狐踪抱枕(次品),雪落狐踪抱枕(次品),雪落狐踪抱枕(次品),雪落狐踪抱枕(次品),雪落狐踪抱枕(次品),雪落狐踪抱枕(次品)
602026Text,,雪落狐踪抱枕(次品),雪落狐踪抱枕(次品),雪落狐踪抱枕(次品),雪落狐踪抱枕(次品),雪落狐踪抱枕(次品),雪落狐踪抱枕(次品),雪落狐踪抱枕(次品)
602027Name,,深海人鱼抱枕(次品),深海人鱼抱枕(次品),深海人鱼抱枕(次品),深海人鱼抱枕(次品),深海人鱼抱枕(次品),深海人鱼抱枕(次品),深海人鱼抱枕(次品)
602027Text,,深海人鱼抱枕(次品),深海人鱼抱枕(次品),深海人鱼抱枕(次品),深海人鱼抱枕(次品),深海人鱼抱枕(次品),深海人鱼抱枕(次品),深海人鱼抱枕(次品)
602028Name,,林间萤火抱枕(次品),林间萤火抱枕(次品),林间萤火抱枕(次品),林间萤火抱枕(次品),林间萤火抱枕(次品),林间萤火抱枕(次品),林间萤火抱枕(次品)
602028Text,,林间萤火抱枕(次品),林间萤火抱枕(次品),林间萤火抱枕(次品),林间萤火抱枕(次品),林间萤火抱枕(次品),林间萤火抱枕(次品),林间萤火抱枕(次品)
602029Name,,浅海碎浪抱枕(次品),浅海碎浪抱枕(次品),浅海碎浪抱枕(次品),浅海碎浪抱枕(次品),浅海碎浪抱枕(次品),浅海碎浪抱枕(次品),浅海碎浪抱枕(次品)
602029Text,,浅海碎浪抱枕(次品),浅海碎浪抱枕(次品),浅海碎浪抱枕(次品),浅海碎浪抱枕(次品),浅海碎浪抱枕(次品),浅海碎浪抱枕(次品),浅海碎浪抱枕(次品)
603000Name,,星野休憩毯子(次品),星野休憩毯子(次品),星野休憩毯子(次品),星野休憩毯子(次品),星野休憩毯子(次品),星野休憩毯子(次品),星野休憩毯子(次品)
603000Text,,星野休憩毯子(次品),星野休憩毯子(次品),星野休憩毯子(次品),星野休憩毯子(次品),星野休憩毯子(次品),星野休憩毯子(次品),星野休憩毯子(次品)
603001Name,,晚风橘绘毯子(次品),晚风橘绘毯子(次品),晚风橘绘毯子(次品),晚风橘绘毯子(次品),晚风橘绘毯子(次品),晚风橘绘毯子(次品),晚风橘绘毯子(次品)
603001Text,,晚风橘绘毯子(次品),晚风橘绘毯子(次品),晚风橘绘毯子(次品),晚风橘绘毯子(次品),晚风橘绘毯子(次品),晚风橘绘毯子(次品),晚风橘绘毯子(次品)
603002Name,,窗边白笺毯子(次品),窗边白笺毯子(次品),窗边白笺毯子(次品),窗边白笺毯子(次品),窗边白笺毯子(次品),窗边白笺毯子(次品),窗边白笺毯子(次品)
603002Text,,窗边白笺毯子(次品),窗边白笺毯子(次品),窗边白笺毯子(次品),窗边白笺毯子(次品),窗边白笺毯子(次品),窗边白笺毯子(次品),窗边白笺毯子(次品)
603003Name,,青空信约毯子(次品),青空信约毯子(次品),青空信约毯子(次品),青空信约毯子(次品),青空信约毯子(次品),青空信约毯子(次品),青空信约毯子(次品)
603003Text,,青空信约毯子(次品),青空信约毯子(次品),青空信约毯子(次品),青空信约毯子(次品),青空信约毯子(次品),青空信约毯子(次品),青空信约毯子(次品)
603004Name,,樱花私语毯子(次品),樱花私语毯子(次品),樱花私语毯子(次品),樱花私语毯子(次品),樱花私语毯子(次品),樱花私语毯子(次品),樱花私语毯子(次品)
603004Text,,樱花私语毯子(次品),樱花私语毯子(次品),樱花私语毯子(次品),樱花私语毯子(次品),樱花私语毯子(次品),樱花私语毯子(次品),樱花私语毯子(次品)
603005Name,,星轨魔导毯子(次品),星轨魔导毯子(次品),星轨魔导毯子(次品),星轨魔导毯子(次品),星轨魔导毯子(次品),星轨魔导毯子(次品),星轨魔导毯子(次品)
603005Text,,星轨魔导毯子(次品),星轨魔导毯子(次品),星轨魔导毯子(次品),星轨魔导毯子(次品),星轨魔导毯子(次品),星轨魔导毯子(次品),星轨魔导毯子(次品)
603006Name,,雾境魔女毯子(次品),雾境魔女毯子(次品),雾境魔女毯子(次品),雾境魔女毯子(次品),雾境魔女毯子(次品),雾境魔女毯子(次品),雾境魔女毯子(次品)
603006Text,,雾境魔女毯子(次品),雾境魔女毯子(次品),雾境魔女毯子(次品),雾境魔女毯子(次品),雾境魔女毯子(次品),雾境魔女毯子(次品),雾境魔女毯子(次品)
603007Name,,月光咒印毯子(次品),月光咒印毯子(次品),月光咒印毯子(次品),月光咒印毯子(次品),月光咒印毯子(次品),月光咒印毯子(次品),月光咒印毯子(次品)
603007Text,,月光咒印毯子(次品),月光咒印毯子(次品),月光咒印毯子(次品),月光咒印毯子(次品),月光咒印毯子(次品),月光咒印毯子(次品),月光咒印毯子(次品)
603008Name,,冰晶灵使毯子(次品),冰晶灵使毯子(次品),冰晶灵使毯子(次品),冰晶灵使毯子(次品),冰晶灵使毯子(次品),冰晶灵使毯子(次品),冰晶灵使毯子(次品)
603008Text,,冰晶灵使毯子(次品),冰晶灵使毯子(次品),冰晶灵使毯子(次品),冰晶灵使毯子(次品),冰晶灵使毯子(次品),冰晶灵使毯子(次品),冰晶灵使毯子(次品)
603009Name,,云间神谕毯子(次品),云间神谕毯子(次品),云间神谕毯子(次品),云间神谕毯子(次品),云间神谕毯子(次品),云间神谕毯子(次品),云间神谕毯子(次品)
603009Text,,云间神谕毯子(次品),云间神谕毯子(次品),云间神谕毯子(次品),云间神谕毯子(次品),云间神谕毯子(次品),云间神谕毯子(次品),云间神谕毯子(次品)
603010Name,,课间碎光毯子(次品),课间碎光毯子(次品),课间碎光毯子(次品),课间碎光毯子(次品),课间碎光毯子(次品),课间碎光毯子(次品),课间碎光毯子(次品)
603010Text,,课间碎光毯子(次品),课间碎光毯子(次品),课间碎光毯子(次品),课间碎光毯子(次品),课间碎光毯子(次品),课间碎光毯子(次品),课间碎光毯子(次品)
603011Name,,校服晚风毯子(次品),校服晚风毯子(次品),校服晚风毯子(次品),校服晚风毯子(次品),校服晚风毯子(次品),校服晚风毯子(次品),校服晚风毯子(次品)
603011Text,,校服晚风毯子(次品),校服晚风毯子(次品),校服晚风毯子(次品),校服晚风毯子(次品),校服晚风毯子(次品),校服晚风毯子(次品),校服晚风毯子(次品)
603012Name,,操场落日毯子(次品),操场落日毯子(次品),操场落日毯子(次品),操场落日毯子(次品),操场落日毯子(次品),操场落日毯子(次品),操场落日毯子(次品)
603012Text,,操场落日毯子(次品),操场落日毯子(次品),操场落日毯子(次品),操场落日毯子(次品),操场落日毯子(次品),操场落日毯子(次品),操场落日毯子(次品)
603013Name,,图书馆秘思毯子(次品),图书馆秘思毯子(次品),图书馆秘思毯子(次品),图书馆秘思毯子(次品),图书馆秘思毯子(次品),图书馆秘思毯子(次品),图书馆秘思毯子(次品)
603013Text,,图书馆秘思毯子(次品),图书馆秘思毯子(次品),图书馆秘思毯子(次品),图书馆秘思毯子(次品),图书馆秘思毯子(次品),图书馆秘思毯子(次品),图书馆秘思毯子(次品)
603014Name,,天台告白毯子(次品),天台告白毯子(次品),天台告白毯子(次品),天台告白毯子(次品),天台告白毯子(次品),天台告白毯子(次品),天台告白毯子(次品)
603014Text,,天台告白毯子(次品),天台告白毯子(次品),天台告白毯子(次品),天台告白毯子(次品),天台告白毯子(次品),天台告白毯子(次品),天台告白毯子(次品)
603015Name,,月下青衫毯子(次品),月下青衫毯子(次品),月下青衫毯子(次品),月下青衫毯子(次品),月下青衫毯子(次品),月下青衫毯子(次品),月下青衫毯子(次品)
603015Text,,月下青衫毯子(次品),月下青衫毯子(次品),月下青衫毯子(次品),月下青衫毯子(次品),月下青衫毯子(次品),月下青衫毯子(次品),月下青衫毯子(次品)
603016Name,,桃枝执扇毯子(次品),桃枝执扇毯子(次品),桃枝执扇毯子(次品),桃枝执扇毯子(次品),桃枝执扇毯子(次品),桃枝执扇毯子(次品),桃枝执扇毯子(次品)
603016Text,,桃枝执扇毯子(次品),桃枝执扇毯子(次品),桃枝执扇毯子(次品),桃枝执扇毯子(次品),桃枝执扇毯子(次品),桃枝执扇毯子(次品),桃枝执扇毯子(次品)
603017Name,,山河辞赋毯子(次品),山河辞赋毯子(次品),山河辞赋毯子(次品),山河辞赋毯子(次品),山河辞赋毯子(次品),山河辞赋毯子(次品),山河辞赋毯子(次品)
603017Text,,山河辞赋毯子(次品),山河辞赋毯子(次品),山河辞赋毯子(次品),山河辞赋毯子(次品),山河辞赋毯子(次品),山河辞赋毯子(次品),山河辞赋毯子(次品)
603018Name,,云袖清欢毯子(次品),云袖清欢毯子(次品),云袖清欢毯子(次品),云袖清欢毯子(次品),云袖清欢毯子(次品),云袖清欢毯子(次品),云袖清欢毯子(次品)
603018Text,,云袖清欢毯子(次品),云袖清欢毯子(次品),云袖清欢毯子(次品),云袖清欢毯子(次品),云袖清欢毯子(次品),云袖清欢毯子(次品),云袖清欢毯子(次品)
603019Name,,灯影红笺毯子(次品),灯影红笺毯子(次品),灯影红笺毯子(次品),灯影红笺毯子(次品),灯影红笺毯子(次品),灯影红笺毯子(次品),灯影红笺毯子(次品)
603019Text,,灯影红笺毯子(次品),灯影红笺毯子(次品),灯影红笺毯子(次品),灯影红笺毯子(次品),灯影红笺毯子(次品),灯影红笺毯子(次品),灯影红笺毯子(次品)
603020Name,,霓虹战姬毯子(次品),霓虹战姬毯子(次品),霓虹战姬毯子(次品),霓虹战姬毯子(次品),霓虹战姬毯子(次品),霓虹战姬毯子(次品),霓虹战姬毯子(次品)
603020Text,,霓虹战姬毯子(次品),霓虹战姬毯子(次品),霓虹战姬毯子(次品),霓虹战姬毯子(次品),霓虹战姬毯子(次品),霓虹战姬毯子(次品),霓虹战姬毯子(次品)
603021Name,,深空巡卫毯子(次品),深空巡卫毯子(次品),深空巡卫毯子(次品),深空巡卫毯子(次品),深空巡卫毯子(次品),深空巡卫毯子(次品),深空巡卫毯子(次品)
603021Text,,深空巡卫毯子(次品),深空巡卫毯子(次品),深空巡卫毯子(次品),深空巡卫毯子(次品),深空巡卫毯子(次品),深空巡卫毯子(次品),深空巡卫毯子(次品)
603022Name,,机甲星旅毯子(次品),机甲星旅毯子(次品),机甲星旅毯子(次品),机甲星旅毯子(次品),机甲星旅毯子(次品),机甲星旅毯子(次品),机甲星旅毯子(次品)
603022Text,,机甲星旅毯子(次品),机甲星旅毯子(次品),机甲星旅毯子(次品),机甲星旅毯子(次品),机甲星旅毯子(次品),机甲星旅毯子(次品),机甲星旅毯子(次品)
603023Name,,雨夜刃影毯子(次品),雨夜刃影毯子(次品),雨夜刃影毯子(次品),雨夜刃影毯子(次品),雨夜刃影毯子(次品),雨夜刃影毯子(次品),雨夜刃影毯子(次品)
603023Text,,雨夜刃影毯子(次品),雨夜刃影毯子(次品),雨夜刃影毯子(次品),雨夜刃影毯子(次品),雨夜刃影毯子(次品),雨夜刃影毯子(次品),雨夜刃影毯子(次品)
603024Name,,虚空战歌毯子(次品),虚空战歌毯子(次品),虚空战歌毯子(次品),虚空战歌毯子(次品),虚空战歌毯子(次品),虚空战歌毯子(次品),虚空战歌毯子(次品)
603024Text,,虚空战歌毯子(次品),虚空战歌毯子(次品),虚空战歌毯子(次品),虚空战歌毯子(次品),虚空战歌毯子(次品),虚空战歌毯子(次品),虚空战歌毯子(次品)
603025Name,,猫屿午后毯子(次品),猫屿午后毯子(次品),猫屿午后毯子(次品),猫屿午后毯子(次品),猫屿午后毯子(次品),猫屿午后毯子(次品),猫屿午后毯子(次品)
603025Text,,猫屿午后毯子(次品),猫屿午后毯子(次品),猫屿午后毯子(次品),猫屿午后毯子(次品),猫屿午后毯子(次品),猫屿午后毯子(次品),猫屿午后毯子(次品)
603026Name,,雪落狐踪毯子(次品),雪落狐踪毯子(次品),雪落狐踪毯子(次品),雪落狐踪毯子(次品),雪落狐踪毯子(次品),雪落狐踪毯子(次品),雪落狐踪毯子(次品)
603026Text,,雪落狐踪毯子(次品),雪落狐踪毯子(次品),雪落狐踪毯子(次品),雪落狐踪毯子(次品),雪落狐踪毯子(次品),雪落狐踪毯子(次品),雪落狐踪毯子(次品)
603027Name,,深海人鱼毯子(次品),深海人鱼毯子(次品),深海人鱼毯子(次品),深海人鱼毯子(次品),深海人鱼毯子(次品),深海人鱼毯子(次品),深海人鱼毯子(次品)
603027Text,,深海人鱼毯子(次品),深海人鱼毯子(次品),深海人鱼毯子(次品),深海人鱼毯子(次品),深海人鱼毯子(次品),深海人鱼毯子(次品),深海人鱼毯子(次品)
603028Name,,林间萤火毯子(次品),林间萤火毯子(次品),林间萤火毯子(次品),林间萤火毯子(次品),林间萤火毯子(次品),林间萤火毯子(次品),林间萤火毯子(次品)
603028Text,,林间萤火毯子(次品),林间萤火毯子(次品),林间萤火毯子(次品),林间萤火毯子(次品),林间萤火毯子(次品),林间萤火毯子(次品),林间萤火毯子(次品)
603029Name,,浅海碎浪毯子(次品),浅海碎浪毯子(次品),浅海碎浪毯子(次品),浅海碎浪毯子(次品),浅海碎浪毯子(次品),浅海碎浪毯子(次品),浅海碎浪毯子(次品)
603029Text,,浅海碎浪毯子(次品),浅海碎浪毯子(次品),浅海碎浪毯子(次品),浅海碎浪毯子(次品),浅海碎浪毯子(次品),浅海碎浪毯子(次品),浅海碎浪毯子(次品)
604000Name,,星野休憩立牌(次品),星野休憩立牌(次品),星野休憩立牌(次品),星野休憩立牌(次品),星野休憩立牌(次品),星野休憩立牌(次品),星野休憩立牌(次品)
604000Text,,星野休憩立牌(次品),星野休憩立牌(次品),星野休憩立牌(次品),星野休憩立牌(次品),星野休憩立牌(次品),星野休憩立牌(次品),星野休憩立牌(次品)
604001Name,,晚风橘绘立牌(次品),晚风橘绘立牌(次品),晚风橘绘立牌(次品),晚风橘绘立牌(次品),晚风橘绘立牌(次品),晚风橘绘立牌(次品),晚风橘绘立牌(次品)
604001Text,,晚风橘绘立牌(次品),晚风橘绘立牌(次品),晚风橘绘立牌(次品),晚风橘绘立牌(次品),晚风橘绘立牌(次品),晚风橘绘立牌(次品),晚风橘绘立牌(次品)
604002Name,,窗边白笺立牌(次品),窗边白笺立牌(次品),窗边白笺立牌(次品),窗边白笺立牌(次品),窗边白笺立牌(次品),窗边白笺立牌(次品),窗边白笺立牌(次品)
604002Text,,窗边白笺立牌(次品),窗边白笺立牌(次品),窗边白笺立牌(次品),窗边白笺立牌(次品),窗边白笺立牌(次品),窗边白笺立牌(次品),窗边白笺立牌(次品)
604003Name,,青空信约立牌(次品),青空信约立牌(次品),青空信约立牌(次品),青空信约立牌(次品),青空信约立牌(次品),青空信约立牌(次品),青空信约立牌(次品)
604003Text,,青空信约立牌(次品),青空信约立牌(次品),青空信约立牌(次品),青空信约立牌(次品),青空信约立牌(次品),青空信约立牌(次品),青空信约立牌(次品)
604004Name,,樱花私语立牌(次品),樱花私语立牌(次品),樱花私语立牌(次品),樱花私语立牌(次品),樱花私语立牌(次品),樱花私语立牌(次品),樱花私语立牌(次品)
604004Text,,樱花私语立牌(次品),樱花私语立牌(次品),樱花私语立牌(次品),樱花私语立牌(次品),樱花私语立牌(次品),樱花私语立牌(次品),樱花私语立牌(次品)
604005Name,,星轨魔导立牌(次品),星轨魔导立牌(次品),星轨魔导立牌(次品),星轨魔导立牌(次品),星轨魔导立牌(次品),星轨魔导立牌(次品),星轨魔导立牌(次品)
604005Text,,星轨魔导立牌(次品),星轨魔导立牌(次品),星轨魔导立牌(次品),星轨魔导立牌(次品),星轨魔导立牌(次品),星轨魔导立牌(次品),星轨魔导立牌(次品)
604006Name,,雾境魔女立牌(次品),雾境魔女立牌(次品),雾境魔女立牌(次品),雾境魔女立牌(次品),雾境魔女立牌(次品),雾境魔女立牌(次品),雾境魔女立牌(次品)
604006Text,,雾境魔女立牌(次品),雾境魔女立牌(次品),雾境魔女立牌(次品),雾境魔女立牌(次品),雾境魔女立牌(次品),雾境魔女立牌(次品),雾境魔女立牌(次品)
604007Name,,月光咒印立牌(次品),月光咒印立牌(次品),月光咒印立牌(次品),月光咒印立牌(次品),月光咒印立牌(次品),月光咒印立牌(次品),月光咒印立牌(次品)
604007Text,,月光咒印立牌(次品),月光咒印立牌(次品),月光咒印立牌(次品),月光咒印立牌(次品),月光咒印立牌(次品),月光咒印立牌(次品),月光咒印立牌(次品)
604008Name,,冰晶灵使立牌(次品),冰晶灵使立牌(次品),冰晶灵使立牌(次品),冰晶灵使立牌(次品),冰晶灵使立牌(次品),冰晶灵使立牌(次品),冰晶灵使立牌(次品)
604008Text,,冰晶灵使立牌(次品),冰晶灵使立牌(次品),冰晶灵使立牌(次品),冰晶灵使立牌(次品),冰晶灵使立牌(次品),冰晶灵使立牌(次品),冰晶灵使立牌(次品)
604009Name,,云间神谕立牌(次品),云间神谕立牌(次品),云间神谕立牌(次品),云间神谕立牌(次品),云间神谕立牌(次品),云间神谕立牌(次品),云间神谕立牌(次品)
604009Text,,云间神谕立牌(次品),云间神谕立牌(次品),云间神谕立牌(次品),云间神谕立牌(次品),云间神谕立牌(次品),云间神谕立牌(次品),云间神谕立牌(次品)
604010Name,,课间碎光立牌(次品),课间碎光立牌(次品),课间碎光立牌(次品),课间碎光立牌(次品),课间碎光立牌(次品),课间碎光立牌(次品),课间碎光立牌(次品)
604010Text,,课间碎光立牌(次品),课间碎光立牌(次品),课间碎光立牌(次品),课间碎光立牌(次品),课间碎光立牌(次品),课间碎光立牌(次品),课间碎光立牌(次品)
604011Name,,校服晚风立牌(次品),校服晚风立牌(次品),校服晚风立牌(次品),校服晚风立牌(次品),校服晚风立牌(次品),校服晚风立牌(次品),校服晚风立牌(次品)
604011Text,,校服晚风立牌(次品),校服晚风立牌(次品),校服晚风立牌(次品),校服晚风立牌(次品),校服晚风立牌(次品),校服晚风立牌(次品),校服晚风立牌(次品)
604012Name,,操场落日立牌(次品),操场落日立牌(次品),操场落日立牌(次品),操场落日立牌(次品),操场落日立牌(次品),操场落日立牌(次品),操场落日立牌(次品)
604012Text,,操场落日立牌(次品),操场落日立牌(次品),操场落日立牌(次品),操场落日立牌(次品),操场落日立牌(次品),操场落日立牌(次品),操场落日立牌(次品)
604013Name,,图书馆秘思立牌(次品),图书馆秘思立牌(次品),图书馆秘思立牌(次品),图书馆秘思立牌(次品),图书馆秘思立牌(次品),图书馆秘思立牌(次品),图书馆秘思立牌(次品)
604013Text,,图书馆秘思立牌(次品),图书馆秘思立牌(次品),图书馆秘思立牌(次品),图书馆秘思立牌(次品),图书馆秘思立牌(次品),图书馆秘思立牌(次品),图书馆秘思立牌(次品)
604014Name,,天台告白立牌(次品),天台告白立牌(次品),天台告白立牌(次品),天台告白立牌(次品),天台告白立牌(次品),天台告白立牌(次品),天台告白立牌(次品)
604014Text,,天台告白立牌(次品),天台告白立牌(次品),天台告白立牌(次品),天台告白立牌(次品),天台告白立牌(次品),天台告白立牌(次品),天台告白立牌(次品)
604015Name,,月下青衫立牌(次品),月下青衫立牌(次品),月下青衫立牌(次品),月下青衫立牌(次品),月下青衫立牌(次品),月下青衫立牌(次品),月下青衫立牌(次品)
604015Text,,月下青衫立牌(次品),月下青衫立牌(次品),月下青衫立牌(次品),月下青衫立牌(次品),月下青衫立牌(次品),月下青衫立牌(次品),月下青衫立牌(次品)
604016Name,,桃枝执扇立牌(次品),桃枝执扇立牌(次品),桃枝执扇立牌(次品),桃枝执扇立牌(次品),桃枝执扇立牌(次品),桃枝执扇立牌(次品),桃枝执扇立牌(次品)
604016Text,,桃枝执扇立牌(次品),桃枝执扇立牌(次品),桃枝执扇立牌(次品),桃枝执扇立牌(次品),桃枝执扇立牌(次品),桃枝执扇立牌(次品),桃枝执扇立牌(次品)
604017Name,,山河辞赋立牌(次品),山河辞赋立牌(次品),山河辞赋立牌(次品),山河辞赋立牌(次品),山河辞赋立牌(次品),山河辞赋立牌(次品),山河辞赋立牌(次品)
604017Text,,山河辞赋立牌(次品),山河辞赋立牌(次品),山河辞赋立牌(次品),山河辞赋立牌(次品),山河辞赋立牌(次品),山河辞赋立牌(次品),山河辞赋立牌(次品)
604018Name,,云袖清欢立牌(次品),云袖清欢立牌(次品),云袖清欢立牌(次品),云袖清欢立牌(次品),云袖清欢立牌(次品),云袖清欢立牌(次品),云袖清欢立牌(次品)
604018Text,,云袖清欢立牌(次品),云袖清欢立牌(次品),云袖清欢立牌(次品),云袖清欢立牌(次品),云袖清欢立牌(次品),云袖清欢立牌(次品),云袖清欢立牌(次品)
604019Name,,灯影红笺立牌(次品),灯影红笺立牌(次品),灯影红笺立牌(次品),灯影红笺立牌(次品),灯影红笺立牌(次品),灯影红笺立牌(次品),灯影红笺立牌(次品)
604019Text,,灯影红笺立牌(次品),灯影红笺立牌(次品),灯影红笺立牌(次品),灯影红笺立牌(次品),灯影红笺立牌(次品),灯影红笺立牌(次品),灯影红笺立牌(次品)
604020Name,,霓虹战姬立牌(次品),霓虹战姬立牌(次品),霓虹战姬立牌(次品),霓虹战姬立牌(次品),霓虹战姬立牌(次品),霓虹战姬立牌(次品),霓虹战姬立牌(次品)
604020Text,,霓虹战姬立牌(次品),霓虹战姬立牌(次品),霓虹战姬立牌(次品),霓虹战姬立牌(次品),霓虹战姬立牌(次品),霓虹战姬立牌(次品),霓虹战姬立牌(次品)
604021Name,,深空巡卫立牌(次品),深空巡卫立牌(次品),深空巡卫立牌(次品),深空巡卫立牌(次品),深空巡卫立牌(次品),深空巡卫立牌(次品),深空巡卫立牌(次品)
604021Text,,深空巡卫立牌(次品),深空巡卫立牌(次品),深空巡卫立牌(次品),深空巡卫立牌(次品),深空巡卫立牌(次品),深空巡卫立牌(次品),深空巡卫立牌(次品)
604022Name,,机甲星旅立牌(次品),机甲星旅立牌(次品),机甲星旅立牌(次品),机甲星旅立牌(次品),机甲星旅立牌(次品),机甲星旅立牌(次品),机甲星旅立牌(次品)
604022Text,,机甲星旅立牌(次品),机甲星旅立牌(次品),机甲星旅立牌(次品),机甲星旅立牌(次品),机甲星旅立牌(次品),机甲星旅立牌(次品),机甲星旅立牌(次品)
604023Name,,雨夜刃影立牌(次品),雨夜刃影立牌(次品),雨夜刃影立牌(次品),雨夜刃影立牌(次品),雨夜刃影立牌(次品),雨夜刃影立牌(次品),雨夜刃影立牌(次品)
604023Text,,雨夜刃影立牌(次品),雨夜刃影立牌(次品),雨夜刃影立牌(次品),雨夜刃影立牌(次品),雨夜刃影立牌(次品),雨夜刃影立牌(次品),雨夜刃影立牌(次品)
604024Name,,虚空战歌立牌(次品),虚空战歌立牌(次品),虚空战歌立牌(次品),虚空战歌立牌(次品),虚空战歌立牌(次品),虚空战歌立牌(次品),虚空战歌立牌(次品)
604024Text,,虚空战歌立牌(次品),虚空战歌立牌(次品),虚空战歌立牌(次品),虚空战歌立牌(次品),虚空战歌立牌(次品),虚空战歌立牌(次品),虚空战歌立牌(次品)
604025Name,,猫屿午后立牌(次品),猫屿午后立牌(次品),猫屿午后立牌(次品),猫屿午后立牌(次品),猫屿午后立牌(次品),猫屿午后立牌(次品),猫屿午后立牌(次品)
604025Text,,猫屿午后立牌(次品),猫屿午后立牌(次品),猫屿午后立牌(次品),猫屿午后立牌(次品),猫屿午后立牌(次品),猫屿午后立牌(次品),猫屿午后立牌(次品)
604026Name,,雪落狐踪立牌(次品),雪落狐踪立牌(次品),雪落狐踪立牌(次品),雪落狐踪立牌(次品),雪落狐踪立牌(次品),雪落狐踪立牌(次品),雪落狐踪立牌(次品)
604026Text,,雪落狐踪立牌(次品),雪落狐踪立牌(次品),雪落狐踪立牌(次品),雪落狐踪立牌(次品),雪落狐踪立牌(次品),雪落狐踪立牌(次品),雪落狐踪立牌(次品)
604027Name,,深海人鱼立牌(次品),深海人鱼立牌(次品),深海人鱼立牌(次品),深海人鱼立牌(次品),深海人鱼立牌(次品),深海人鱼立牌(次品),深海人鱼立牌(次品)
604027Text,,深海人鱼立牌(次品),深海人鱼立牌(次品),深海人鱼立牌(次品),深海人鱼立牌(次品),深海人鱼立牌(次品),深海人鱼立牌(次品),深海人鱼立牌(次品)
604028Name,,林间萤火立牌(次品),林间萤火立牌(次品),林间萤火立牌(次品),林间萤火立牌(次品),林间萤火立牌(次品),林间萤火立牌(次品),林间萤火立牌(次品)
604028Text,,林间萤火立牌(次品),林间萤火立牌(次品),林间萤火立牌(次品),林间萤火立牌(次品),林间萤火立牌(次品),林间萤火立牌(次品),林间萤火立牌(次品)
604029Name,,浅海碎浪立牌(次品),浅海碎浪立牌(次品),浅海碎浪立牌(次品),浅海碎浪立牌(次品),浅海碎浪立牌(次品),浅海碎浪立牌(次品),浅海碎浪立牌(次品)
604029Text,,浅海碎浪立牌(次品),浅海碎浪立牌(次品),浅海碎浪立牌(次品),浅海碎浪立牌(次品),浅海碎浪立牌(次品),浅海碎浪立牌(次品),浅海碎浪立牌(次品)
605000Name,,星野休憩明信片(次品),星野休憩明信片(次品),星野休憩明信片(次品),星野休憩明信片(次品),星野休憩明信片(次品),星野休憩明信片(次品),星野休憩明信片(次品)
605000Text,,星野休憩明信片(次品),星野休憩明信片(次品),星野休憩明信片(次品),星野休憩明信片(次品),星野休憩明信片(次品),星野休憩明信片(次品),星野休憩明信片(次品)
605001Name,,晚风橘绘明信片(次品),晚风橘绘明信片(次品),晚风橘绘明信片(次品),晚风橘绘明信片(次品),晚风橘绘明信片(次品),晚风橘绘明信片(次品),晚风橘绘明信片(次品)
605001Text,,晚风橘绘明信片(次品),晚风橘绘明信片(次品),晚风橘绘明信片(次品),晚风橘绘明信片(次品),晚风橘绘明信片(次品),晚风橘绘明信片(次品),晚风橘绘明信片(次品)
605002Name,,窗边白笺明信片(次品),窗边白笺明信片(次品),窗边白笺明信片(次品),窗边白笺明信片(次品),窗边白笺明信片(次品),窗边白笺明信片(次品),窗边白笺明信片(次品)
605002Text,,窗边白笺明信片(次品),窗边白笺明信片(次品),窗边白笺明信片(次品),窗边白笺明信片(次品),窗边白笺明信片(次品),窗边白笺明信片(次品),窗边白笺明信片(次品)
605003Name,,青空信约明信片(次品),青空信约明信片(次品),青空信约明信片(次品),青空信约明信片(次品),青空信约明信片(次品),青空信约明信片(次品),青空信约明信片(次品)
605003Text,,青空信约明信片(次品),青空信约明信片(次品),青空信约明信片(次品),青空信约明信片(次品),青空信约明信片(次品),青空信约明信片(次品),青空信约明信片(次品)
605004Name,,樱花私语明信片(次品),樱花私语明信片(次品),樱花私语明信片(次品),樱花私语明信片(次品),樱花私语明信片(次品),樱花私语明信片(次品),樱花私语明信片(次品)
605004Text,,樱花私语明信片(次品),樱花私语明信片(次品),樱花私语明信片(次品),樱花私语明信片(次品),樱花私语明信片(次品),樱花私语明信片(次品),樱花私语明信片(次品)
605005Name,,星轨魔导明信片(次品),星轨魔导明信片(次品),星轨魔导明信片(次品),星轨魔导明信片(次品),星轨魔导明信片(次品),星轨魔导明信片(次品),星轨魔导明信片(次品)
605005Text,,星轨魔导明信片(次品),星轨魔导明信片(次品),星轨魔导明信片(次品),星轨魔导明信片(次品),星轨魔导明信片(次品),星轨魔导明信片(次品),星轨魔导明信片(次品)
605006Name,,雾境魔女明信片(次品),雾境魔女明信片(次品),雾境魔女明信片(次品),雾境魔女明信片(次品),雾境魔女明信片(次品),雾境魔女明信片(次品),雾境魔女明信片(次品)
605006Text,,雾境魔女明信片(次品),雾境魔女明信片(次品),雾境魔女明信片(次品),雾境魔女明信片(次品),雾境魔女明信片(次品),雾境魔女明信片(次品),雾境魔女明信片(次品)
605007Name,,月光咒印明信片(次品),月光咒印明信片(次品),月光咒印明信片(次品),月光咒印明信片(次品),月光咒印明信片(次品),月光咒印明信片(次品),月光咒印明信片(次品)
605007Text,,月光咒印明信片(次品),月光咒印明信片(次品),月光咒印明信片(次品),月光咒印明信片(次品),月光咒印明信片(次品),月光咒印明信片(次品),月光咒印明信片(次品)
605008Name,,冰晶灵使明信片(次品),冰晶灵使明信片(次品),冰晶灵使明信片(次品),冰晶灵使明信片(次品),冰晶灵使明信片(次品),冰晶灵使明信片(次品),冰晶灵使明信片(次品)
605008Text,,冰晶灵使明信片(次品),冰晶灵使明信片(次品),冰晶灵使明信片(次品),冰晶灵使明信片(次品),冰晶灵使明信片(次品),冰晶灵使明信片(次品),冰晶灵使明信片(次品)
605009Name,,云间神谕明信片(次品),云间神谕明信片(次品),云间神谕明信片(次品),云间神谕明信片(次品),云间神谕明信片(次品),云间神谕明信片(次品),云间神谕明信片(次品)
605009Text,,云间神谕明信片(次品),云间神谕明信片(次品),云间神谕明信片(次品),云间神谕明信片(次品),云间神谕明信片(次品),云间神谕明信片(次品),云间神谕明信片(次品)
605010Name,,课间碎光明信片(次品),课间碎光明信片(次品),课间碎光明信片(次品),课间碎光明信片(次品),课间碎光明信片(次品),课间碎光明信片(次品),课间碎光明信片(次品)
605010Text,,课间碎光明信片(次品),课间碎光明信片(次品),课间碎光明信片(次品),课间碎光明信片(次品),课间碎光明信片(次品),课间碎光明信片(次品),课间碎光明信片(次品)
605011Name,,校服晚风明信片(次品),校服晚风明信片(次品),校服晚风明信片(次品),校服晚风明信片(次品),校服晚风明信片(次品),校服晚风明信片(次品),校服晚风明信片(次品)
605011Text,,校服晚风明信片(次品),校服晚风明信片(次品),校服晚风明信片(次品),校服晚风明信片(次品),校服晚风明信片(次品),校服晚风明信片(次品),校服晚风明信片(次品)
605012Name,,操场落日明信片(次品),操场落日明信片(次品),操场落日明信片(次品),操场落日明信片(次品),操场落日明信片(次品),操场落日明信片(次品),操场落日明信片(次品)
605012Text,,操场落日明信片(次品),操场落日明信片(次品),操场落日明信片(次品),操场落日明信片(次品),操场落日明信片(次品),操场落日明信片(次品),操场落日明信片(次品)
605013Name,,图书馆秘思明信片(次品),图书馆秘思明信片(次品),图书馆秘思明信片(次品),图书馆秘思明信片(次品),图书馆秘思明信片(次品),图书馆秘思明信片(次品),图书馆秘思明信片(次品)
605013Text,,图书馆秘思明信片(次品),图书馆秘思明信片(次品),图书馆秘思明信片(次品),图书馆秘思明信片(次品),图书馆秘思明信片(次品),图书馆秘思明信片(次品),图书馆秘思明信片(次品)
605014Name,,天台告白明信片(次品),天台告白明信片(次品),天台告白明信片(次品),天台告白明信片(次品),天台告白明信片(次品),天台告白明信片(次品),天台告白明信片(次品)
605014Text,,天台告白明信片(次品),天台告白明信片(次品),天台告白明信片(次品),天台告白明信片(次品),天台告白明信片(次品),天台告白明信片(次品),天台告白明信片(次品)
605015Name,,月下青衫明信片(次品),月下青衫明信片(次品),月下青衫明信片(次品),月下青衫明信片(次品),月下青衫明信片(次品),月下青衫明信片(次品),月下青衫明信片(次品)
605015Text,,月下青衫明信片(次品),月下青衫明信片(次品),月下青衫明信片(次品),月下青衫明信片(次品),月下青衫明信片(次品),月下青衫明信片(次品),月下青衫明信片(次品)
605016Name,,桃枝执扇明信片(次品),桃枝执扇明信片(次品),桃枝执扇明信片(次品),桃枝执扇明信片(次品),桃枝执扇明信片(次品),桃枝执扇明信片(次品),桃枝执扇明信片(次品)
605016Text,,桃枝执扇明信片(次品),桃枝执扇明信片(次品),桃枝执扇明信片(次品),桃枝执扇明信片(次品),桃枝执扇明信片(次品),桃枝执扇明信片(次品),桃枝执扇明信片(次品)
605017Name,,山河辞赋明信片(次品),山河辞赋明信片(次品),山河辞赋明信片(次品),山河辞赋明信片(次品),山河辞赋明信片(次品),山河辞赋明信片(次品),山河辞赋明信片(次品)
605017Text,,山河辞赋明信片(次品),山河辞赋明信片(次品),山河辞赋明信片(次品),山河辞赋明信片(次品),山河辞赋明信片(次品),山河辞赋明信片(次品),山河辞赋明信片(次品)
605018Name,,云袖清欢明信片(次品),云袖清欢明信片(次品),云袖清欢明信片(次品),云袖清欢明信片(次品),云袖清欢明信片(次品),云袖清欢明信片(次品),云袖清欢明信片(次品)
605018Text,,云袖清欢明信片(次品),云袖清欢明信片(次品),云袖清欢明信片(次品),云袖清欢明信片(次品),云袖清欢明信片(次品),云袖清欢明信片(次品),云袖清欢明信片(次品)
605019Name,,灯影红笺明信片(次品),灯影红笺明信片(次品),灯影红笺明信片(次品),灯影红笺明信片(次品),灯影红笺明信片(次品),灯影红笺明信片(次品),灯影红笺明信片(次品)
605019Text,,灯影红笺明信片(次品),灯影红笺明信片(次品),灯影红笺明信片(次品),灯影红笺明信片(次品),灯影红笺明信片(次品),灯影红笺明信片(次品),灯影红笺明信片(次品)
605020Name,,霓虹战姬明信片(次品),霓虹战姬明信片(次品),霓虹战姬明信片(次品),霓虹战姬明信片(次品),霓虹战姬明信片(次品),霓虹战姬明信片(次品),霓虹战姬明信片(次品)
605020Text,,霓虹战姬明信片(次品),霓虹战姬明信片(次品),霓虹战姬明信片(次品),霓虹战姬明信片(次品),霓虹战姬明信片(次品),霓虹战姬明信片(次品),霓虹战姬明信片(次品)
605021Name,,深空巡卫明信片(次品),深空巡卫明信片(次品),深空巡卫明信片(次品),深空巡卫明信片(次品),深空巡卫明信片(次品),深空巡卫明信片(次品),深空巡卫明信片(次品)
605021Text,,深空巡卫明信片(次品),深空巡卫明信片(次品),深空巡卫明信片(次品),深空巡卫明信片(次品),深空巡卫明信片(次品),深空巡卫明信片(次品),深空巡卫明信片(次品)
605022Name,,机甲星旅明信片(次品),机甲星旅明信片(次品),机甲星旅明信片(次品),机甲星旅明信片(次品),机甲星旅明信片(次品),机甲星旅明信片(次品),机甲星旅明信片(次品)
605022Text,,机甲星旅明信片(次品),机甲星旅明信片(次品),机甲星旅明信片(次品),机甲星旅明信片(次品),机甲星旅明信片(次品),机甲星旅明信片(次品),机甲星旅明信片(次品)
605023Name,,雨夜刃影明信片(次品),雨夜刃影明信片(次品),雨夜刃影明信片(次品),雨夜刃影明信片(次品),雨夜刃影明信片(次品),雨夜刃影明信片(次品),雨夜刃影明信片(次品)
605023Text,,雨夜刃影明信片(次品),雨夜刃影明信片(次品),雨夜刃影明信片(次品),雨夜刃影明信片(次品),雨夜刃影明信片(次品),雨夜刃影明信片(次品),雨夜刃影明信片(次品)
605024Name,,虚空战歌明信片(次品),虚空战歌明信片(次品),虚空战歌明信片(次品),虚空战歌明信片(次品),虚空战歌明信片(次品),虚空战歌明信片(次品),虚空战歌明信片(次品)
605024Text,,虚空战歌明信片(次品),虚空战歌明信片(次品),虚空战歌明信片(次品),虚空战歌明信片(次品),虚空战歌明信片(次品),虚空战歌明信片(次品),虚空战歌明信片(次品)
605025Name,,猫屿午后明信片(次品),猫屿午后明信片(次品),猫屿午后明信片(次品),猫屿午后明信片(次品),猫屿午后明信片(次品),猫屿午后明信片(次品),猫屿午后明信片(次品)
605025Text,,猫屿午后明信片(次品),猫屿午后明信片(次品),猫屿午后明信片(次品),猫屿午后明信片(次品),猫屿午后明信片(次品),猫屿午后明信片(次品),猫屿午后明信片(次品)
605026Name,,雪落狐踪明信片(次品),雪落狐踪明信片(次品),雪落狐踪明信片(次品),雪落狐踪明信片(次品),雪落狐踪明信片(次品),雪落狐踪明信片(次品),雪落狐踪明信片(次品)
605026Text,,雪落狐踪明信片(次品),雪落狐踪明信片(次品),雪落狐踪明信片(次品),雪落狐踪明信片(次品),雪落狐踪明信片(次品),雪落狐踪明信片(次品),雪落狐踪明信片(次品)
605027Name,,深海人鱼明信片(次品),深海人鱼明信片(次品),深海人鱼明信片(次品),深海人鱼明信片(次品),深海人鱼明信片(次品),深海人鱼明信片(次品),深海人鱼明信片(次品)
605027Text,,深海人鱼明信片(次品),深海人鱼明信片(次品),深海人鱼明信片(次品),深海人鱼明信片(次品),深海人鱼明信片(次品),深海人鱼明信片(次品),深海人鱼明信片(次品)
605028Name,,林间萤火明信片(次品),林间萤火明信片(次品),林间萤火明信片(次品),林间萤火明信片(次品),林间萤火明信片(次品),林间萤火明信片(次品),林间萤火明信片(次品)
605028Text,,林间萤火明信片(次品),林间萤火明信片(次品),林间萤火明信片(次品),林间萤火明信片(次品),林间萤火明信片(次品),林间萤火明信片(次品),林间萤火明信片(次品)
605029Name,,浅海碎浪明信片(次品),浅海碎浪明信片(次品),浅海碎浪明信片(次品),浅海碎浪明信片(次品),浅海碎浪明信片(次品),浅海碎浪明信片(次品),浅海碎浪明信片(次品)
605029Text,,浅海碎浪明信片(次品),浅海碎浪明信片(次品),浅海碎浪明信片(次品),浅海碎浪明信片(次品),浅海碎浪明信片(次品),浅海碎浪明信片(次品),浅海碎浪明信片(次品)
606000Name,,星野休憩帆布包(次品),星野休憩帆布包(次品),星野休憩帆布包(次品),星野休憩帆布包(次品),星野休憩帆布包(次品),星野休憩帆布包(次品),星野休憩帆布包(次品)
606000Text,,星野休憩帆布包(次品),星野休憩帆布包(次品),星野休憩帆布包(次品),星野休憩帆布包(次品),星野休憩帆布包(次品),星野休憩帆布包(次品),星野休憩帆布包(次品)
606001Name,,晚风橘绘帆布包(次品),晚风橘绘帆布包(次品),晚风橘绘帆布包(次品),晚风橘绘帆布包(次品),晚风橘绘帆布包(次品),晚风橘绘帆布包(次品),晚风橘绘帆布包(次品)
606001Text,,晚风橘绘帆布包(次品),晚风橘绘帆布包(次品),晚风橘绘帆布包(次品),晚风橘绘帆布包(次品),晚风橘绘帆布包(次品),晚风橘绘帆布包(次品),晚风橘绘帆布包(次品)
606002Name,,窗边白笺帆布包(次品),窗边白笺帆布包(次品),窗边白笺帆布包(次品),窗边白笺帆布包(次品),窗边白笺帆布包(次品),窗边白笺帆布包(次品),窗边白笺帆布包(次品)
606002Text,,窗边白笺帆布包(次品),窗边白笺帆布包(次品),窗边白笺帆布包(次品),窗边白笺帆布包(次品),窗边白笺帆布包(次品),窗边白笺帆布包(次品),窗边白笺帆布包(次品)
606003Name,,青空信约帆布包(次品),青空信约帆布包(次品),青空信约帆布包(次品),青空信约帆布包(次品),青空信约帆布包(次品),青空信约帆布包(次品),青空信约帆布包(次品)
606003Text,,青空信约帆布包(次品),青空信约帆布包(次品),青空信约帆布包(次品),青空信约帆布包(次品),青空信约帆布包(次品),青空信约帆布包(次品),青空信约帆布包(次品)
606004Name,,樱花私语帆布包(次品),樱花私语帆布包(次品),樱花私语帆布包(次品),樱花私语帆布包(次品),樱花私语帆布包(次品),樱花私语帆布包(次品),樱花私语帆布包(次品)
606004Text,,樱花私语帆布包(次品),樱花私语帆布包(次品),樱花私语帆布包(次品),樱花私语帆布包(次品),樱花私语帆布包(次品),樱花私语帆布包(次品),樱花私语帆布包(次品)
606005Name,,星轨魔导帆布包(次品),星轨魔导帆布包(次品),星轨魔导帆布包(次品),星轨魔导帆布包(次品),星轨魔导帆布包(次品),星轨魔导帆布包(次品),星轨魔导帆布包(次品)
606005Text,,星轨魔导帆布包(次品),星轨魔导帆布包(次品),星轨魔导帆布包(次品),星轨魔导帆布包(次品),星轨魔导帆布包(次品),星轨魔导帆布包(次品),星轨魔导帆布包(次品)
606006Name,,雾境魔女帆布包(次品),雾境魔女帆布包(次品),雾境魔女帆布包(次品),雾境魔女帆布包(次品),雾境魔女帆布包(次品),雾境魔女帆布包(次品),雾境魔女帆布包(次品)
606006Text,,雾境魔女帆布包(次品),雾境魔女帆布包(次品),雾境魔女帆布包(次品),雾境魔女帆布包(次品),雾境魔女帆布包(次品),雾境魔女帆布包(次品),雾境魔女帆布包(次品)
606007Name,,月光咒印帆布包(次品),月光咒印帆布包(次品),月光咒印帆布包(次品),月光咒印帆布包(次品),月光咒印帆布包(次品),月光咒印帆布包(次品),月光咒印帆布包(次品)
606007Text,,月光咒印帆布包(次品),月光咒印帆布包(次品),月光咒印帆布包(次品),月光咒印帆布包(次品),月光咒印帆布包(次品),月光咒印帆布包(次品),月光咒印帆布包(次品)
606008Name,,冰晶灵使帆布包(次品),冰晶灵使帆布包(次品),冰晶灵使帆布包(次品),冰晶灵使帆布包(次品),冰晶灵使帆布包(次品),冰晶灵使帆布包(次品),冰晶灵使帆布包(次品)
606008Text,,冰晶灵使帆布包(次品),冰晶灵使帆布包(次品),冰晶灵使帆布包(次品),冰晶灵使帆布包(次品),冰晶灵使帆布包(次品),冰晶灵使帆布包(次品),冰晶灵使帆布包(次品)
606009Name,,云间神谕帆布包(次品),云间神谕帆布包(次品),云间神谕帆布包(次品),云间神谕帆布包(次品),云间神谕帆布包(次品),云间神谕帆布包(次品),云间神谕帆布包(次品)
606009Text,,云间神谕帆布包(次品),云间神谕帆布包(次品),云间神谕帆布包(次品),云间神谕帆布包(次品),云间神谕帆布包(次品),云间神谕帆布包(次品),云间神谕帆布包(次品)
606010Name,,课间碎光帆布包(次品),课间碎光帆布包(次品),课间碎光帆布包(次品),课间碎光帆布包(次品),课间碎光帆布包(次品),课间碎光帆布包(次品),课间碎光帆布包(次品)
606010Text,,课间碎光帆布包(次品),课间碎光帆布包(次品),课间碎光帆布包(次品),课间碎光帆布包(次品),课间碎光帆布包(次品),课间碎光帆布包(次品),课间碎光帆布包(次品)
606011Name,,校服晚风帆布包(次品),校服晚风帆布包(次品),校服晚风帆布包(次品),校服晚风帆布包(次品),校服晚风帆布包(次品),校服晚风帆布包(次品),校服晚风帆布包(次品)
606011Text,,校服晚风帆布包(次品),校服晚风帆布包(次品),校服晚风帆布包(次品),校服晚风帆布包(次品),校服晚风帆布包(次品),校服晚风帆布包(次品),校服晚风帆布包(次品)
606012Name,,操场落日帆布包(次品),操场落日帆布包(次品),操场落日帆布包(次品),操场落日帆布包(次品),操场落日帆布包(次品),操场落日帆布包(次品),操场落日帆布包(次品)
606012Text,,操场落日帆布包(次品),操场落日帆布包(次品),操场落日帆布包(次品),操场落日帆布包(次品),操场落日帆布包(次品),操场落日帆布包(次品),操场落日帆布包(次品)
606013Name,,图书馆秘思帆布包(次品),图书馆秘思帆布包(次品),图书馆秘思帆布包(次品),图书馆秘思帆布包(次品),图书馆秘思帆布包(次品),图书馆秘思帆布包(次品),图书馆秘思帆布包(次品)
606013Text,,图书馆秘思帆布包(次品),图书馆秘思帆布包(次品),图书馆秘思帆布包(次品),图书馆秘思帆布包(次品),图书馆秘思帆布包(次品),图书馆秘思帆布包(次品),图书馆秘思帆布包(次品)
606014Name,,天台告白帆布包(次品),天台告白帆布包(次品),天台告白帆布包(次品),天台告白帆布包(次品),天台告白帆布包(次品),天台告白帆布包(次品),天台告白帆布包(次品)
606014Text,,天台告白帆布包(次品),天台告白帆布包(次品),天台告白帆布包(次品),天台告白帆布包(次品),天台告白帆布包(次品),天台告白帆布包(次品),天台告白帆布包(次品)
606015Name,,月下青衫帆布包(次品),月下青衫帆布包(次品),月下青衫帆布包(次品),月下青衫帆布包(次品),月下青衫帆布包(次品),月下青衫帆布包(次品),月下青衫帆布包(次品)
606015Text,,月下青衫帆布包(次品),月下青衫帆布包(次品),月下青衫帆布包(次品),月下青衫帆布包(次品),月下青衫帆布包(次品),月下青衫帆布包(次品),月下青衫帆布包(次品)
606016Name,,桃枝执扇帆布包(次品),桃枝执扇帆布包(次品),桃枝执扇帆布包(次品),桃枝执扇帆布包(次品),桃枝执扇帆布包(次品),桃枝执扇帆布包(次品),桃枝执扇帆布包(次品)
606016Text,,桃枝执扇帆布包(次品),桃枝执扇帆布包(次品),桃枝执扇帆布包(次品),桃枝执扇帆布包(次品),桃枝执扇帆布包(次品),桃枝执扇帆布包(次品),桃枝执扇帆布包(次品)
606017Name,,山河辞赋帆布包(次品),山河辞赋帆布包(次品),山河辞赋帆布包(次品),山河辞赋帆布包(次品),山河辞赋帆布包(次品),山河辞赋帆布包(次品),山河辞赋帆布包(次品)
606017Text,,山河辞赋帆布包(次品),山河辞赋帆布包(次品),山河辞赋帆布包(次品),山河辞赋帆布包(次品),山河辞赋帆布包(次品),山河辞赋帆布包(次品),山河辞赋帆布包(次品)
606018Name,,云袖清欢帆布包(次品),云袖清欢帆布包(次品),云袖清欢帆布包(次品),云袖清欢帆布包(次品),云袖清欢帆布包(次品),云袖清欢帆布包(次品),云袖清欢帆布包(次品)
606018Text,,云袖清欢帆布包(次品),云袖清欢帆布包(次品),云袖清欢帆布包(次品),云袖清欢帆布包(次品),云袖清欢帆布包(次品),云袖清欢帆布包(次品),云袖清欢帆布包(次品)
606019Name,,灯影红笺帆布包(次品),灯影红笺帆布包(次品),灯影红笺帆布包(次品),灯影红笺帆布包(次品),灯影红笺帆布包(次品),灯影红笺帆布包(次品),灯影红笺帆布包(次品)
606019Text,,灯影红笺帆布包(次品),灯影红笺帆布包(次品),灯影红笺帆布包(次品),灯影红笺帆布包(次品),灯影红笺帆布包(次品),灯影红笺帆布包(次品),灯影红笺帆布包(次品)
606020Name,,霓虹战姬帆布包(次品),霓虹战姬帆布包(次品),霓虹战姬帆布包(次品),霓虹战姬帆布包(次品),霓虹战姬帆布包(次品),霓虹战姬帆布包(次品),霓虹战姬帆布包(次品)
606020Text,,霓虹战姬帆布包(次品),霓虹战姬帆布包(次品),霓虹战姬帆布包(次品),霓虹战姬帆布包(次品),霓虹战姬帆布包(次品),霓虹战姬帆布包(次品),霓虹战姬帆布包(次品)
606021Name,,深空巡卫帆布包(次品),深空巡卫帆布包(次品),深空巡卫帆布包(次品),深空巡卫帆布包(次品),深空巡卫帆布包(次品),深空巡卫帆布包(次品),深空巡卫帆布包(次品)
606021Text,,深空巡卫帆布包(次品),深空巡卫帆布包(次品),深空巡卫帆布包(次品),深空巡卫帆布包(次品),深空巡卫帆布包(次品),深空巡卫帆布包(次品),深空巡卫帆布包(次品)
606022Name,,机甲星旅帆布包(次品),机甲星旅帆布包(次品),机甲星旅帆布包(次品),机甲星旅帆布包(次品),机甲星旅帆布包(次品),机甲星旅帆布包(次品),机甲星旅帆布包(次品)
606022Text,,机甲星旅帆布包(次品),机甲星旅帆布包(次品),机甲星旅帆布包(次品),机甲星旅帆布包(次品),机甲星旅帆布包(次品),机甲星旅帆布包(次品),机甲星旅帆布包(次品)
606023Name,,雨夜刃影帆布包(次品),雨夜刃影帆布包(次品),雨夜刃影帆布包(次品),雨夜刃影帆布包(次品),雨夜刃影帆布包(次品),雨夜刃影帆布包(次品),雨夜刃影帆布包(次品)
606023Text,,雨夜刃影帆布包(次品),雨夜刃影帆布包(次品),雨夜刃影帆布包(次品),雨夜刃影帆布包(次品),雨夜刃影帆布包(次品),雨夜刃影帆布包(次品),雨夜刃影帆布包(次品)
606024Name,,虚空战歌帆布包(次品),虚空战歌帆布包(次品),虚空战歌帆布包(次品),虚空战歌帆布包(次品),虚空战歌帆布包(次品),虚空战歌帆布包(次品),虚空战歌帆布包(次品)
606024Text,,虚空战歌帆布包(次品),虚空战歌帆布包(次品),虚空战歌帆布包(次品),虚空战歌帆布包(次品),虚空战歌帆布包(次品),虚空战歌帆布包(次品),虚空战歌帆布包(次品)
606025Name,,猫屿午后帆布包(次品),猫屿午后帆布包(次品),猫屿午后帆布包(次品),猫屿午后帆布包(次品),猫屿午后帆布包(次品),猫屿午后帆布包(次品),猫屿午后帆布包(次品)
606025Text,,猫屿午后帆布包(次品),猫屿午后帆布包(次品),猫屿午后帆布包(次品),猫屿午后帆布包(次品),猫屿午后帆布包(次品),猫屿午后帆布包(次品),猫屿午后帆布包(次品)
606026Name,,雪落狐踪帆布包(次品),雪落狐踪帆布包(次品),雪落狐踪帆布包(次品),雪落狐踪帆布包(次品),雪落狐踪帆布包(次品),雪落狐踪帆布包(次品),雪落狐踪帆布包(次品)
606026Text,,雪落狐踪帆布包(次品),雪落狐踪帆布包(次品),雪落狐踪帆布包(次品),雪落狐踪帆布包(次品),雪落狐踪帆布包(次品),雪落狐踪帆布包(次品),雪落狐踪帆布包(次品)
606027Name,,深海人鱼帆布包(次品),深海人鱼帆布包(次品),深海人鱼帆布包(次品),深海人鱼帆布包(次品),深海人鱼帆布包(次品),深海人鱼帆布包(次品),深海人鱼帆布包(次品)
606027Text,,深海人鱼帆布包(次品),深海人鱼帆布包(次品),深海人鱼帆布包(次品),深海人鱼帆布包(次品),深海人鱼帆布包(次品),深海人鱼帆布包(次品),深海人鱼帆布包(次品)
606028Name,,林间萤火帆布包(次品),林间萤火帆布包(次品),林间萤火帆布包(次品),林间萤火帆布包(次品),林间萤火帆布包(次品),林间萤火帆布包(次品),林间萤火帆布包(次品)
606028Text,,林间萤火帆布包(次品),林间萤火帆布包(次品),林间萤火帆布包(次品),林间萤火帆布包(次品),林间萤火帆布包(次品),林间萤火帆布包(次品),林间萤火帆布包(次品)
606029Name,,浅海碎浪帆布包(次品),浅海碎浪帆布包(次品),浅海碎浪帆布包(次品),浅海碎浪帆布包(次品),浅海碎浪帆布包(次品),浅海碎浪帆布包(次品),浅海碎浪帆布包(次品)
606029Text,,浅海碎浪帆布包(次品),浅海碎浪帆布包(次品),浅海碎浪帆布包(次品),浅海碎浪帆布包(次品),浅海碎浪帆布包(次品),浅海碎浪帆布包(次品),浅海碎浪帆布包(次品)
607000Name,,星野休憩文件夹(次品),星野休憩文件夹(次品),星野休憩文件夹(次品),星野休憩文件夹(次品),星野休憩文件夹(次品),星野休憩文件夹(次品),星野休憩文件夹(次品)
607000Text,,星野休憩文件夹(次品),星野休憩文件夹(次品),星野休憩文件夹(次品),星野休憩文件夹(次品),星野休憩文件夹(次品),星野休憩文件夹(次品),星野休憩文件夹(次品)
607001Name,,晚风橘绘文件夹(次品),晚风橘绘文件夹(次品),晚风橘绘文件夹(次品),晚风橘绘文件夹(次品),晚风橘绘文件夹(次品),晚风橘绘文件夹(次品),晚风橘绘文件夹(次品)
607001Text,,晚风橘绘文件夹(次品),晚风橘绘文件夹(次品),晚风橘绘文件夹(次品),晚风橘绘文件夹(次品),晚风橘绘文件夹(次品),晚风橘绘文件夹(次品),晚风橘绘文件夹(次品)
607002Name,,窗边白笺文件夹(次品),窗边白笺文件夹(次品),窗边白笺文件夹(次品),窗边白笺文件夹(次品),窗边白笺文件夹(次品),窗边白笺文件夹(次品),窗边白笺文件夹(次品)
607002Text,,窗边白笺文件夹(次品),窗边白笺文件夹(次品),窗边白笺文件夹(次品),窗边白笺文件夹(次品),窗边白笺文件夹(次品),窗边白笺文件夹(次品),窗边白笺文件夹(次品)
607003Name,,青空信约文件夹(次品),青空信约文件夹(次品),青空信约文件夹(次品),青空信约文件夹(次品),青空信约文件夹(次品),青空信约文件夹(次品),青空信约文件夹(次品)
607003Text,,青空信约文件夹(次品),青空信约文件夹(次品),青空信约文件夹(次品),青空信约文件夹(次品),青空信约文件夹(次品),青空信约文件夹(次品),青空信约文件夹(次品)
607004Name,,樱花私语文件夹(次品),樱花私语文件夹(次品),樱花私语文件夹(次品),樱花私语文件夹(次品),樱花私语文件夹(次品),樱花私语文件夹(次品),樱花私语文件夹(次品)
607004Text,,樱花私语文件夹(次品),樱花私语文件夹(次品),樱花私语文件夹(次品),樱花私语文件夹(次品),樱花私语文件夹(次品),樱花私语文件夹(次品),樱花私语文件夹(次品)
607005Name,,星轨魔导文件夹(次品),星轨魔导文件夹(次品),星轨魔导文件夹(次品),星轨魔导文件夹(次品),星轨魔导文件夹(次品),星轨魔导文件夹(次品),星轨魔导文件夹(次品)
607005Text,,星轨魔导文件夹(次品),星轨魔导文件夹(次品),星轨魔导文件夹(次品),星轨魔导文件夹(次品),星轨魔导文件夹(次品),星轨魔导文件夹(次品),星轨魔导文件夹(次品)
607006Name,,雾境魔女文件夹(次品),雾境魔女文件夹(次品),雾境魔女文件夹(次品),雾境魔女文件夹(次品),雾境魔女文件夹(次品),雾境魔女文件夹(次品),雾境魔女文件夹(次品)
607006Text,,雾境魔女文件夹(次品),雾境魔女文件夹(次品),雾境魔女文件夹(次品),雾境魔女文件夹(次品),雾境魔女文件夹(次品),雾境魔女文件夹(次品),雾境魔女文件夹(次品)
607007Name,,月光咒印文件夹(次品),月光咒印文件夹(次品),月光咒印文件夹(次品),月光咒印文件夹(次品),月光咒印文件夹(次品),月光咒印文件夹(次品),月光咒印文件夹(次品)
607007Text,,月光咒印文件夹(次品),月光咒印文件夹(次品),月光咒印文件夹(次品),月光咒印文件夹(次品),月光咒印文件夹(次品),月光咒印文件夹(次品),月光咒印文件夹(次品)
607008Name,,冰晶灵使文件夹(次品),冰晶灵使文件夹(次品),冰晶灵使文件夹(次品),冰晶灵使文件夹(次品),冰晶灵使文件夹(次品),冰晶灵使文件夹(次品),冰晶灵使文件夹(次品)
607008Text,,冰晶灵使文件夹(次品),冰晶灵使文件夹(次品),冰晶灵使文件夹(次品),冰晶灵使文件夹(次品),冰晶灵使文件夹(次品),冰晶灵使文件夹(次品),冰晶灵使文件夹(次品)
607009Name,,云间神谕文件夹(次品),云间神谕文件夹(次品),云间神谕文件夹(次品),云间神谕文件夹(次品),云间神谕文件夹(次品),云间神谕文件夹(次品),云间神谕文件夹(次品)
607009Text,,云间神谕文件夹(次品),云间神谕文件夹(次品),云间神谕文件夹(次品),云间神谕文件夹(次品),云间神谕文件夹(次品),云间神谕文件夹(次品),云间神谕文件夹(次品)
607010Name,,课间碎光文件夹(次品),课间碎光文件夹(次品),课间碎光文件夹(次品),课间碎光文件夹(次品),课间碎光文件夹(次品),课间碎光文件夹(次品),课间碎光文件夹(次品)
607010Text,,课间碎光文件夹(次品),课间碎光文件夹(次品),课间碎光文件夹(次品),课间碎光文件夹(次品),课间碎光文件夹(次品),课间碎光文件夹(次品),课间碎光文件夹(次品)
607011Name,,校服晚风文件夹(次品),校服晚风文件夹(次品),校服晚风文件夹(次品),校服晚风文件夹(次品),校服晚风文件夹(次品),校服晚风文件夹(次品),校服晚风文件夹(次品)
607011Text,,校服晚风文件夹(次品),校服晚风文件夹(次品),校服晚风文件夹(次品),校服晚风文件夹(次品),校服晚风文件夹(次品),校服晚风文件夹(次品),校服晚风文件夹(次品)
607012Name,,操场落日文件夹(次品),操场落日文件夹(次品),操场落日文件夹(次品),操场落日文件夹(次品),操场落日文件夹(次品),操场落日文件夹(次品),操场落日文件夹(次品)
607012Text,,操场落日文件夹(次品),操场落日文件夹(次品),操场落日文件夹(次品),操场落日文件夹(次品),操场落日文件夹(次品),操场落日文件夹(次品),操场落日文件夹(次品)
607013Name,,图书馆秘思文件夹(次品),图书馆秘思文件夹(次品),图书馆秘思文件夹(次品),图书馆秘思文件夹(次品),图书馆秘思文件夹(次品),图书馆秘思文件夹(次品),图书馆秘思文件夹(次品)
607013Text,,图书馆秘思文件夹(次品),图书馆秘思文件夹(次品),图书馆秘思文件夹(次品),图书馆秘思文件夹(次品),图书馆秘思文件夹(次品),图书馆秘思文件夹(次品),图书馆秘思文件夹(次品)
607014Name,,天台告白文件夹(次品),天台告白文件夹(次品),天台告白文件夹(次品),天台告白文件夹(次品),天台告白文件夹(次品),天台告白文件夹(次品),天台告白文件夹(次品)
607014Text,,天台告白文件夹(次品),天台告白文件夹(次品),天台告白文件夹(次品),天台告白文件夹(次品),天台告白文件夹(次品),天台告白文件夹(次品),天台告白文件夹(次品)
607015Name,,月下青衫文件夹(次品),月下青衫文件夹(次品),月下青衫文件夹(次品),月下青衫文件夹(次品),月下青衫文件夹(次品),月下青衫文件夹(次品),月下青衫文件夹(次品)
607015Text,,月下青衫文件夹(次品),月下青衫文件夹(次品),月下青衫文件夹(次品),月下青衫文件夹(次品),月下青衫文件夹(次品),月下青衫文件夹(次品),月下青衫文件夹(次品)
607016Name,,桃枝执扇文件夹(次品),桃枝执扇文件夹(次品),桃枝执扇文件夹(次品),桃枝执扇文件夹(次品),桃枝执扇文件夹(次品),桃枝执扇文件夹(次品),桃枝执扇文件夹(次品)
607016Text,,桃枝执扇文件夹(次品),桃枝执扇文件夹(次品),桃枝执扇文件夹(次品),桃枝执扇文件夹(次品),桃枝执扇文件夹(次品),桃枝执扇文件夹(次品),桃枝执扇文件夹(次品)
607017Name,,山河辞赋文件夹(次品),山河辞赋文件夹(次品),山河辞赋文件夹(次品),山河辞赋文件夹(次品),山河辞赋文件夹(次品),山河辞赋文件夹(次品),山河辞赋文件夹(次品)
607017Text,,山河辞赋文件夹(次品),山河辞赋文件夹(次品),山河辞赋文件夹(次品),山河辞赋文件夹(次品),山河辞赋文件夹(次品),山河辞赋文件夹(次品),山河辞赋文件夹(次品)
607018Name,,云袖清欢文件夹(次品),云袖清欢文件夹(次品),云袖清欢文件夹(次品),云袖清欢文件夹(次品),云袖清欢文件夹(次品),云袖清欢文件夹(次品),云袖清欢文件夹(次品)
607018Text,,云袖清欢文件夹(次品),云袖清欢文件夹(次品),云袖清欢文件夹(次品),云袖清欢文件夹(次品),云袖清欢文件夹(次品),云袖清欢文件夹(次品),云袖清欢文件夹(次品)
607019Name,,灯影红笺文件夹(次品),灯影红笺文件夹(次品),灯影红笺文件夹(次品),灯影红笺文件夹(次品),灯影红笺文件夹(次品),灯影红笺文件夹(次品),灯影红笺文件夹(次品)
607019Text,,灯影红笺文件夹(次品),灯影红笺文件夹(次品),灯影红笺文件夹(次品),灯影红笺文件夹(次品),灯影红笺文件夹(次品),灯影红笺文件夹(次品),灯影红笺文件夹(次品)
607020Name,,霓虹战姬文件夹(次品),霓虹战姬文件夹(次品),霓虹战姬文件夹(次品),霓虹战姬文件夹(次品),霓虹战姬文件夹(次品),霓虹战姬文件夹(次品),霓虹战姬文件夹(次品)
607020Text,,霓虹战姬文件夹(次品),霓虹战姬文件夹(次品),霓虹战姬文件夹(次品),霓虹战姬文件夹(次品),霓虹战姬文件夹(次品),霓虹战姬文件夹(次品),霓虹战姬文件夹(次品)
607021Name,,深空巡卫文件夹(次品),深空巡卫文件夹(次品),深空巡卫文件夹(次品),深空巡卫文件夹(次品),深空巡卫文件夹(次品),深空巡卫文件夹(次品),深空巡卫文件夹(次品)
607021Text,,深空巡卫文件夹(次品),深空巡卫文件夹(次品),深空巡卫文件夹(次品),深空巡卫文件夹(次品),深空巡卫文件夹(次品),深空巡卫文件夹(次品),深空巡卫文件夹(次品)
607022Name,,机甲星旅文件夹(次品),机甲星旅文件夹(次品),机甲星旅文件夹(次品),机甲星旅文件夹(次品),机甲星旅文件夹(次品),机甲星旅文件夹(次品),机甲星旅文件夹(次品)
607022Text,,机甲星旅文件夹(次品),机甲星旅文件夹(次品),机甲星旅文件夹(次品),机甲星旅文件夹(次品),机甲星旅文件夹(次品),机甲星旅文件夹(次品),机甲星旅文件夹(次品)
607023Name,,雨夜刃影文件夹(次品),雨夜刃影文件夹(次品),雨夜刃影文件夹(次品),雨夜刃影文件夹(次品),雨夜刃影文件夹(次品),雨夜刃影文件夹(次品),雨夜刃影文件夹(次品)
607023Text,,雨夜刃影文件夹(次品),雨夜刃影文件夹(次品),雨夜刃影文件夹(次品),雨夜刃影文件夹(次品),雨夜刃影文件夹(次品),雨夜刃影文件夹(次品),雨夜刃影文件夹(次品)
607024Name,,虚空战歌文件夹(次品),虚空战歌文件夹(次品),虚空战歌文件夹(次品),虚空战歌文件夹(次品),虚空战歌文件夹(次品),虚空战歌文件夹(次品),虚空战歌文件夹(次品)
607024Text,,虚空战歌文件夹(次品),虚空战歌文件夹(次品),虚空战歌文件夹(次品),虚空战歌文件夹(次品),虚空战歌文件夹(次品),虚空战歌文件夹(次品),虚空战歌文件夹(次品)
607025Name,,猫屿午后文件夹(次品),猫屿午后文件夹(次品),猫屿午后文件夹(次品),猫屿午后文件夹(次品),猫屿午后文件夹(次品),猫屿午后文件夹(次品),猫屿午后文件夹(次品)
607025Text,,猫屿午后文件夹(次品),猫屿午后文件夹(次品),猫屿午后文件夹(次品),猫屿午后文件夹(次品),猫屿午后文件夹(次品),猫屿午后文件夹(次品),猫屿午后文件夹(次品)
607026Name,,雪落狐踪文件夹(次品),雪落狐踪文件夹(次品),雪落狐踪文件夹(次品),雪落狐踪文件夹(次品),雪落狐踪文件夹(次品),雪落狐踪文件夹(次品),雪落狐踪文件夹(次品)
607026Text,,雪落狐踪文件夹(次品),雪落狐踪文件夹(次品),雪落狐踪文件夹(次品),雪落狐踪文件夹(次品),雪落狐踪文件夹(次品),雪落狐踪文件夹(次品),雪落狐踪文件夹(次品)
607027Name,,深海人鱼文件夹(次品),深海人鱼文件夹(次品),深海人鱼文件夹(次品),深海人鱼文件夹(次品),深海人鱼文件夹(次品),深海人鱼文件夹(次品),深海人鱼文件夹(次品)
607027Text,,深海人鱼文件夹(次品),深海人鱼文件夹(次品),深海人鱼文件夹(次品),深海人鱼文件夹(次品),深海人鱼文件夹(次品),深海人鱼文件夹(次品),深海人鱼文件夹(次品)
607028Name,,林间萤火文件夹(次品),林间萤火文件夹(次品),林间萤火文件夹(次品),林间萤火文件夹(次品),林间萤火文件夹(次品),林间萤火文件夹(次品),林间萤火文件夹(次品)
607028Text,,林间萤火文件夹(次品),林间萤火文件夹(次品),林间萤火文件夹(次品),林间萤火文件夹(次品),林间萤火文件夹(次品),林间萤火文件夹(次品),林间萤火文件夹(次品)
607029Name,,浅海碎浪文件夹(次品),浅海碎浪文件夹(次品),浅海碎浪文件夹(次品),浅海碎浪文件夹(次品),浅海碎浪文件夹(次品),浅海碎浪文件夹(次品),浅海碎浪文件夹(次品)
607029Text,,浅海碎浪文件夹(次品),浅海碎浪文件夹(次品),浅海碎浪文件夹(次品),浅海碎浪文件夹(次品),浅海碎浪文件夹(次品),浅海碎浪文件夹(次品),浅海碎浪文件夹(次品)
608000Name,,星野休憩挂轴(次品),星野休憩挂轴(次品),星野休憩挂轴(次品),星野休憩挂轴(次品),星野休憩挂轴(次品),星野休憩挂轴(次品),星野休憩挂轴(次品)
608000Text,,星野休憩挂轴(次品),星野休憩挂轴(次品),星野休憩挂轴(次品),星野休憩挂轴(次品),星野休憩挂轴(次品),星野休憩挂轴(次品),星野休憩挂轴(次品)
608001Name,,晚风橘绘挂轴(次品),晚风橘绘挂轴(次品),晚风橘绘挂轴(次品),晚风橘绘挂轴(次品),晚风橘绘挂轴(次品),晚风橘绘挂轴(次品),晚风橘绘挂轴(次品)
608001Text,,晚风橘绘挂轴(次品),晚风橘绘挂轴(次品),晚风橘绘挂轴(次品),晚风橘绘挂轴(次品),晚风橘绘挂轴(次品),晚风橘绘挂轴(次品),晚风橘绘挂轴(次品)
608002Name,,窗边白笺挂轴(次品),窗边白笺挂轴(次品),窗边白笺挂轴(次品),窗边白笺挂轴(次品),窗边白笺挂轴(次品),窗边白笺挂轴(次品),窗边白笺挂轴(次品)
608002Text,,窗边白笺挂轴(次品),窗边白笺挂轴(次品),窗边白笺挂轴(次品),窗边白笺挂轴(次品),窗边白笺挂轴(次品),窗边白笺挂轴(次品),窗边白笺挂轴(次品)
608003Name,,青空信约挂轴(次品),青空信约挂轴(次品),青空信约挂轴(次品),青空信约挂轴(次品),青空信约挂轴(次品),青空信约挂轴(次品),青空信约挂轴(次品)
608003Text,,青空信约挂轴(次品),青空信约挂轴(次品),青空信约挂轴(次品),青空信约挂轴(次品),青空信约挂轴(次品),青空信约挂轴(次品),青空信约挂轴(次品)
608004Name,,樱花私语挂轴(次品),樱花私语挂轴(次品),樱花私语挂轴(次品),樱花私语挂轴(次品),樱花私语挂轴(次品),樱花私语挂轴(次品),樱花私语挂轴(次品)
608004Text,,樱花私语挂轴(次品),樱花私语挂轴(次品),樱花私语挂轴(次品),樱花私语挂轴(次品),樱花私语挂轴(次品),樱花私语挂轴(次品),樱花私语挂轴(次品)
608005Name,,星轨魔导挂轴(次品),星轨魔导挂轴(次品),星轨魔导挂轴(次品),星轨魔导挂轴(次品),星轨魔导挂轴(次品),星轨魔导挂轴(次品),星轨魔导挂轴(次品)
608005Text,,星轨魔导挂轴(次品),星轨魔导挂轴(次品),星轨魔导挂轴(次品),星轨魔导挂轴(次品),星轨魔导挂轴(次品),星轨魔导挂轴(次品),星轨魔导挂轴(次品)
608006Name,,雾境魔女挂轴(次品),雾境魔女挂轴(次品),雾境魔女挂轴(次品),雾境魔女挂轴(次品),雾境魔女挂轴(次品),雾境魔女挂轴(次品),雾境魔女挂轴(次品)
608006Text,,雾境魔女挂轴(次品),雾境魔女挂轴(次品),雾境魔女挂轴(次品),雾境魔女挂轴(次品),雾境魔女挂轴(次品),雾境魔女挂轴(次品),雾境魔女挂轴(次品)
608007Name,,月光咒印挂轴(次品),月光咒印挂轴(次品),月光咒印挂轴(次品),月光咒印挂轴(次品),月光咒印挂轴(次品),月光咒印挂轴(次品),月光咒印挂轴(次品)
608007Text,,月光咒印挂轴(次品),月光咒印挂轴(次品),月光咒印挂轴(次品),月光咒印挂轴(次品),月光咒印挂轴(次品),月光咒印挂轴(次品),月光咒印挂轴(次品)
608008Name,,冰晶灵使挂轴(次品),冰晶灵使挂轴(次品),冰晶灵使挂轴(次品),冰晶灵使挂轴(次品),冰晶灵使挂轴(次品),冰晶灵使挂轴(次品),冰晶灵使挂轴(次品)
608008Text,,冰晶灵使挂轴(次品),冰晶灵使挂轴(次品),冰晶灵使挂轴(次品),冰晶灵使挂轴(次品),冰晶灵使挂轴(次品),冰晶灵使挂轴(次品),冰晶灵使挂轴(次品)
608009Name,,云间神谕挂轴(次品),云间神谕挂轴(次品),云间神谕挂轴(次品),云间神谕挂轴(次品),云间神谕挂轴(次品),云间神谕挂轴(次品),云间神谕挂轴(次品)
608009Text,,云间神谕挂轴(次品),云间神谕挂轴(次品),云间神谕挂轴(次品),云间神谕挂轴(次品),云间神谕挂轴(次品),云间神谕挂轴(次品),云间神谕挂轴(次品)
608010Name,,课间碎光挂轴(次品),课间碎光挂轴(次品),课间碎光挂轴(次品),课间碎光挂轴(次品),课间碎光挂轴(次品),课间碎光挂轴(次品),课间碎光挂轴(次品)
608010Text,,课间碎光挂轴(次品),课间碎光挂轴(次品),课间碎光挂轴(次品),课间碎光挂轴(次品),课间碎光挂轴(次品),课间碎光挂轴(次品),课间碎光挂轴(次品)
608011Name,,校服晚风挂轴(次品),校服晚风挂轴(次品),校服晚风挂轴(次品),校服晚风挂轴(次品),校服晚风挂轴(次品),校服晚风挂轴(次品),校服晚风挂轴(次品)
608011Text,,校服晚风挂轴(次品),校服晚风挂轴(次品),校服晚风挂轴(次品),校服晚风挂轴(次品),校服晚风挂轴(次品),校服晚风挂轴(次品),校服晚风挂轴(次品)
608012Name,,操场落日挂轴(次品),操场落日挂轴(次品),操场落日挂轴(次品),操场落日挂轴(次品),操场落日挂轴(次品),操场落日挂轴(次品),操场落日挂轴(次品)
608012Text,,操场落日挂轴(次品),操场落日挂轴(次品),操场落日挂轴(次品),操场落日挂轴(次品),操场落日挂轴(次品),操场落日挂轴(次品),操场落日挂轴(次品)
608013Name,,图书馆秘思挂轴(次品),图书馆秘思挂轴(次品),图书馆秘思挂轴(次品),图书馆秘思挂轴(次品),图书馆秘思挂轴(次品),图书馆秘思挂轴(次品),图书馆秘思挂轴(次品)
608013Text,,图书馆秘思挂轴(次品),图书馆秘思挂轴(次品),图书馆秘思挂轴(次品),图书馆秘思挂轴(次品),图书馆秘思挂轴(次品),图书馆秘思挂轴(次品),图书馆秘思挂轴(次品)
608014Name,,天台告白挂轴(次品),天台告白挂轴(次品),天台告白挂轴(次品),天台告白挂轴(次品),天台告白挂轴(次品),天台告白挂轴(次品),天台告白挂轴(次品)
608014Text,,天台告白挂轴(次品),天台告白挂轴(次品),天台告白挂轴(次品),天台告白挂轴(次品),天台告白挂轴(次品),天台告白挂轴(次品),天台告白挂轴(次品)
608015Name,,月下青衫挂轴(次品),月下青衫挂轴(次品),月下青衫挂轴(次品),月下青衫挂轴(次品),月下青衫挂轴(次品),月下青衫挂轴(次品),月下青衫挂轴(次品)
608015Text,,月下青衫挂轴(次品),月下青衫挂轴(次品),月下青衫挂轴(次品),月下青衫挂轴(次品),月下青衫挂轴(次品),月下青衫挂轴(次品),月下青衫挂轴(次品)
608016Name,,桃枝执扇挂轴(次品),桃枝执扇挂轴(次品),桃枝执扇挂轴(次品),桃枝执扇挂轴(次品),桃枝执扇挂轴(次品),桃枝执扇挂轴(次品),桃枝执扇挂轴(次品)
608016Text,,桃枝执扇挂轴(次品),桃枝执扇挂轴(次品),桃枝执扇挂轴(次品),桃枝执扇挂轴(次品),桃枝执扇挂轴(次品),桃枝执扇挂轴(次品),桃枝执扇挂轴(次品)
608017Name,,山河辞赋挂轴(次品),山河辞赋挂轴(次品),山河辞赋挂轴(次品),山河辞赋挂轴(次品),山河辞赋挂轴(次品),山河辞赋挂轴(次品),山河辞赋挂轴(次品)
608017Text,,山河辞赋挂轴(次品),山河辞赋挂轴(次品),山河辞赋挂轴(次品),山河辞赋挂轴(次品),山河辞赋挂轴(次品),山河辞赋挂轴(次品),山河辞赋挂轴(次品)
608018Name,,云袖清欢挂轴(次品),云袖清欢挂轴(次品),云袖清欢挂轴(次品),云袖清欢挂轴(次品),云袖清欢挂轴(次品),云袖清欢挂轴(次品),云袖清欢挂轴(次品)
608018Text,,云袖清欢挂轴(次品),云袖清欢挂轴(次品),云袖清欢挂轴(次品),云袖清欢挂轴(次品),云袖清欢挂轴(次品),云袖清欢挂轴(次品),云袖清欢挂轴(次品)
608019Name,,灯影红笺挂轴(次品),灯影红笺挂轴(次品),灯影红笺挂轴(次品),灯影红笺挂轴(次品),灯影红笺挂轴(次品),灯影红笺挂轴(次品),灯影红笺挂轴(次品)
608019Text,,灯影红笺挂轴(次品),灯影红笺挂轴(次品),灯影红笺挂轴(次品),灯影红笺挂轴(次品),灯影红笺挂轴(次品),灯影红笺挂轴(次品),灯影红笺挂轴(次品)
608020Name,,霓虹战姬挂轴(次品),霓虹战姬挂轴(次品),霓虹战姬挂轴(次品),霓虹战姬挂轴(次品),霓虹战姬挂轴(次品),霓虹战姬挂轴(次品),霓虹战姬挂轴(次品)
608020Text,,霓虹战姬挂轴(次品),霓虹战姬挂轴(次品),霓虹战姬挂轴(次品),霓虹战姬挂轴(次品),霓虹战姬挂轴(次品),霓虹战姬挂轴(次品),霓虹战姬挂轴(次品)
608021Name,,深空巡卫挂轴(次品),深空巡卫挂轴(次品),深空巡卫挂轴(次品),深空巡卫挂轴(次品),深空巡卫挂轴(次品),深空巡卫挂轴(次品),深空巡卫挂轴(次品)
608021Text,,深空巡卫挂轴(次品),深空巡卫挂轴(次品),深空巡卫挂轴(次品),深空巡卫挂轴(次品),深空巡卫挂轴(次品),深空巡卫挂轴(次品),深空巡卫挂轴(次品)
608022Name,,机甲星旅挂轴(次品),机甲星旅挂轴(次品),机甲星旅挂轴(次品),机甲星旅挂轴(次品),机甲星旅挂轴(次品),机甲星旅挂轴(次品),机甲星旅挂轴(次品)
608022Text,,机甲星旅挂轴(次品),机甲星旅挂轴(次品),机甲星旅挂轴(次品),机甲星旅挂轴(次品),机甲星旅挂轴(次品),机甲星旅挂轴(次品),机甲星旅挂轴(次品)
608023Name,,雨夜刃影挂轴(次品),雨夜刃影挂轴(次品),雨夜刃影挂轴(次品),雨夜刃影挂轴(次品),雨夜刃影挂轴(次品),雨夜刃影挂轴(次品),雨夜刃影挂轴(次品)
608023Text,,雨夜刃影挂轴(次品),雨夜刃影挂轴(次品),雨夜刃影挂轴(次品),雨夜刃影挂轴(次品),雨夜刃影挂轴(次品),雨夜刃影挂轴(次品),雨夜刃影挂轴(次品)
608024Name,,虚空战歌挂轴(次品),虚空战歌挂轴(次品),虚空战歌挂轴(次品),虚空战歌挂轴(次品),虚空战歌挂轴(次品),虚空战歌挂轴(次品),虚空战歌挂轴(次品)
608024Text,,虚空战歌挂轴(次品),虚空战歌挂轴(次品),虚空战歌挂轴(次品),虚空战歌挂轴(次品),虚空战歌挂轴(次品),虚空战歌挂轴(次品),虚空战歌挂轴(次品)
608025Name,,猫屿午后挂轴(次品),猫屿午后挂轴(次品),猫屿午后挂轴(次品),猫屿午后挂轴(次品),猫屿午后挂轴(次品),猫屿午后挂轴(次品),猫屿午后挂轴(次品)
608025Text,,猫屿午后挂轴(次品),猫屿午后挂轴(次品),猫屿午后挂轴(次品),猫屿午后挂轴(次品),猫屿午后挂轴(次品),猫屿午后挂轴(次品),猫屿午后挂轴(次品)
608026Name,,雪落狐踪挂轴(次品),雪落狐踪挂轴(次品),雪落狐踪挂轴(次品),雪落狐踪挂轴(次品),雪落狐踪挂轴(次品),雪落狐踪挂轴(次品),雪落狐踪挂轴(次品)
608026Text,,雪落狐踪挂轴(次品),雪落狐踪挂轴(次品),雪落狐踪挂轴(次品),雪落狐踪挂轴(次品),雪落狐踪挂轴(次品),雪落狐踪挂轴(次品),雪落狐踪挂轴(次品)
608027Name,,深海人鱼挂轴(次品),深海人鱼挂轴(次品),深海人鱼挂轴(次品),深海人鱼挂轴(次品),深海人鱼挂轴(次品),深海人鱼挂轴(次品),深海人鱼挂轴(次品)
608027Text,,深海人鱼挂轴(次品),深海人鱼挂轴(次品),深海人鱼挂轴(次品),深海人鱼挂轴(次品),深海人鱼挂轴(次品),深海人鱼挂轴(次品),深海人鱼挂轴(次品)
608028Name,,林间萤火挂轴(次品),林间萤火挂轴(次品),林间萤火挂轴(次品),林间萤火挂轴(次品),林间萤火挂轴(次品),林间萤火挂轴(次品),林间萤火挂轴(次品)
608028Text,,林间萤火挂轴(次品),林间萤火挂轴(次品),林间萤火挂轴(次品),林间萤火挂轴(次品),林间萤火挂轴(次品),林间萤火挂轴(次品),林间萤火挂轴(次品)
608029Name,,浅海碎浪挂轴(次品),浅海碎浪挂轴(次品),浅海碎浪挂轴(次品),浅海碎浪挂轴(次品),浅海碎浪挂轴(次品),浅海碎浪挂轴(次品),浅海碎浪挂轴(次品)
608029Text,,浅海碎浪挂轴(次品),浅海碎浪挂轴(次品),浅海碎浪挂轴(次品),浅海碎浪挂轴(次品),浅海碎浪挂轴(次品),浅海碎浪挂轴(次品),浅海碎浪挂轴(次品)
609000Name,,星野休憩海报(次品),星野休憩海报(次品),星野休憩海报(次品),星野休憩海报(次品),星野休憩海报(次品),星野休憩海报(次品),星野休憩海报(次品)
609000Text,,星野休憩海报(次品),星野休憩海报(次品),星野休憩海报(次品),星野休憩海报(次品),星野休憩海报(次品),星野休憩海报(次品),星野休憩海报(次品)
609001Name,,晚风橘绘海报(次品),晚风橘绘海报(次品),晚风橘绘海报(次品),晚风橘绘海报(次品),晚风橘绘海报(次品),晚风橘绘海报(次品),晚风橘绘海报(次品)
609001Text,,晚风橘绘海报(次品),晚风橘绘海报(次品),晚风橘绘海报(次品),晚风橘绘海报(次品),晚风橘绘海报(次品),晚风橘绘海报(次品),晚风橘绘海报(次品)
609002Name,,窗边白笺海报(次品),窗边白笺海报(次品),窗边白笺海报(次品),窗边白笺海报(次品),窗边白笺海报(次品),窗边白笺海报(次品),窗边白笺海报(次品)
609002Text,,窗边白笺海报(次品),窗边白笺海报(次品),窗边白笺海报(次品),窗边白笺海报(次品),窗边白笺海报(次品),窗边白笺海报(次品),窗边白笺海报(次品)
609003Name,,青空信约海报(次品),青空信约海报(次品),青空信约海报(次品),青空信约海报(次品),青空信约海报(次品),青空信约海报(次品),青空信约海报(次品)
609003Text,,青空信约海报(次品),青空信约海报(次品),青空信约海报(次品),青空信约海报(次品),青空信约海报(次品),青空信约海报(次品),青空信约海报(次品)
609004Name,,樱花私语海报(次品),樱花私语海报(次品),樱花私语海报(次品),樱花私语海报(次品),樱花私语海报(次品),樱花私语海报(次品),樱花私语海报(次品)
609004Text,,樱花私语海报(次品),樱花私语海报(次品),樱花私语海报(次品),樱花私语海报(次品),樱花私语海报(次品),樱花私语海报(次品),樱花私语海报(次品)
609005Name,,星轨魔导海报(次品),星轨魔导海报(次品),星轨魔导海报(次品),星轨魔导海报(次品),星轨魔导海报(次品),星轨魔导海报(次品),星轨魔导海报(次品)
609005Text,,星轨魔导海报(次品),星轨魔导海报(次品),星轨魔导海报(次品),星轨魔导海报(次品),星轨魔导海报(次品),星轨魔导海报(次品),星轨魔导海报(次品)
609006Name,,雾境魔女海报(次品),雾境魔女海报(次品),雾境魔女海报(次品),雾境魔女海报(次品),雾境魔女海报(次品),雾境魔女海报(次品),雾境魔女海报(次品)
609006Text,,雾境魔女海报(次品),雾境魔女海报(次品),雾境魔女海报(次品),雾境魔女海报(次品),雾境魔女海报(次品),雾境魔女海报(次品),雾境魔女海报(次品)
609007Name,,月光咒印海报(次品),月光咒印海报(次品),月光咒印海报(次品),月光咒印海报(次品),月光咒印海报(次品),月光咒印海报(次品),月光咒印海报(次品)
609007Text,,月光咒印海报(次品),月光咒印海报(次品),月光咒印海报(次品),月光咒印海报(次品),月光咒印海报(次品),月光咒印海报(次品),月光咒印海报(次品)
609008Name,,冰晶灵使海报(次品),冰晶灵使海报(次品),冰晶灵使海报(次品),冰晶灵使海报(次品),冰晶灵使海报(次品),冰晶灵使海报(次品),冰晶灵使海报(次品)
609008Text,,冰晶灵使海报(次品),冰晶灵使海报(次品),冰晶灵使海报(次品),冰晶灵使海报(次品),冰晶灵使海报(次品),冰晶灵使海报(次品),冰晶灵使海报(次品)
609009Name,,云间神谕海报(次品),云间神谕海报(次品),云间神谕海报(次品),云间神谕海报(次品),云间神谕海报(次品),云间神谕海报(次品),云间神谕海报(次品)
609009Text,,云间神谕海报(次品),云间神谕海报(次品),云间神谕海报(次品),云间神谕海报(次品),云间神谕海报(次品),云间神谕海报(次品),云间神谕海报(次品)
609010Name,,课间碎光海报(次品),课间碎光海报(次品),课间碎光海报(次品),课间碎光海报(次品),课间碎光海报(次品),课间碎光海报(次品),课间碎光海报(次品)
609010Text,,课间碎光海报(次品),课间碎光海报(次品),课间碎光海报(次品),课间碎光海报(次品),课间碎光海报(次品),课间碎光海报(次品),课间碎光海报(次品)
609011Name,,校服晚风海报(次品),校服晚风海报(次品),校服晚风海报(次品),校服晚风海报(次品),校服晚风海报(次品),校服晚风海报(次品),校服晚风海报(次品)
609011Text,,校服晚风海报(次品),校服晚风海报(次品),校服晚风海报(次品),校服晚风海报(次品),校服晚风海报(次品),校服晚风海报(次品),校服晚风海报(次品)
609012Name,,操场落日海报(次品),操场落日海报(次品),操场落日海报(次品),操场落日海报(次品),操场落日海报(次品),操场落日海报(次品),操场落日海报(次品)
609012Text,,操场落日海报(次品),操场落日海报(次品),操场落日海报(次品),操场落日海报(次品),操场落日海报(次品),操场落日海报(次品),操场落日海报(次品)
609013Name,,图书馆秘思海报(次品),图书馆秘思海报(次品),图书馆秘思海报(次品),图书馆秘思海报(次品),图书馆秘思海报(次品),图书馆秘思海报(次品),图书馆秘思海报(次品)
609013Text,,图书馆秘思海报(次品),图书馆秘思海报(次品),图书馆秘思海报(次品),图书馆秘思海报(次品),图书馆秘思海报(次品),图书馆秘思海报(次品),图书馆秘思海报(次品)
609014Name,,天台告白海报(次品),天台告白海报(次品),天台告白海报(次品),天台告白海报(次品),天台告白海报(次品),天台告白海报(次品),天台告白海报(次品)
609014Text,,天台告白海报(次品),天台告白海报(次品),天台告白海报(次品),天台告白海报(次品),天台告白海报(次品),天台告白海报(次品),天台告白海报(次品)
609015Name,,月下青衫海报(次品),月下青衫海报(次品),月下青衫海报(次品),月下青衫海报(次品),月下青衫海报(次品),月下青衫海报(次品),月下青衫海报(次品)
609015Text,,月下青衫海报(次品),月下青衫海报(次品),月下青衫海报(次品),月下青衫海报(次品),月下青衫海报(次品),月下青衫海报(次品),月下青衫海报(次品)
609016Name,,桃枝执扇海报(次品),桃枝执扇海报(次品),桃枝执扇海报(次品),桃枝执扇海报(次品),桃枝执扇海报(次品),桃枝执扇海报(次品),桃枝执扇海报(次品)
609016Text,,桃枝执扇海报(次品),桃枝执扇海报(次品),桃枝执扇海报(次品),桃枝执扇海报(次品),桃枝执扇海报(次品),桃枝执扇海报(次品),桃枝执扇海报(次品)
609017Name,,山河辞赋海报(次品),山河辞赋海报(次品),山河辞赋海报(次品),山河辞赋海报(次品),山河辞赋海报(次品),山河辞赋海报(次品),山河辞赋海报(次品)
609017Text,,山河辞赋海报(次品),山河辞赋海报(次品),山河辞赋海报(次品),山河辞赋海报(次品),山河辞赋海报(次品),山河辞赋海报(次品),山河辞赋海报(次品)
609018Name,,云袖清欢海报(次品),云袖清欢海报(次品),云袖清欢海报(次品),云袖清欢海报(次品),云袖清欢海报(次品),云袖清欢海报(次品),云袖清欢海报(次品)
609018Text,,云袖清欢海报(次品),云袖清欢海报(次品),云袖清欢海报(次品),云袖清欢海报(次品),云袖清欢海报(次品),云袖清欢海报(次品),云袖清欢海报(次品)
609019Name,,灯影红笺海报(次品),灯影红笺海报(次品),灯影红笺海报(次品),灯影红笺海报(次品),灯影红笺海报(次品),灯影红笺海报(次品),灯影红笺海报(次品)
609019Text,,灯影红笺海报(次品),灯影红笺海报(次品),灯影红笺海报(次品),灯影红笺海报(次品),灯影红笺海报(次品),灯影红笺海报(次品),灯影红笺海报(次品)
609020Name,,霓虹战姬海报(次品),霓虹战姬海报(次品),霓虹战姬海报(次品),霓虹战姬海报(次品),霓虹战姬海报(次品),霓虹战姬海报(次品),霓虹战姬海报(次品)
609020Text,,霓虹战姬海报(次品),霓虹战姬海报(次品),霓虹战姬海报(次品),霓虹战姬海报(次品),霓虹战姬海报(次品),霓虹战姬海报(次品),霓虹战姬海报(次品)
609021Name,,深空巡卫海报(次品),深空巡卫海报(次品),深空巡卫海报(次品),深空巡卫海报(次品),深空巡卫海报(次品),深空巡卫海报(次品),深空巡卫海报(次品)
609021Text,,深空巡卫海报(次品),深空巡卫海报(次品),深空巡卫海报(次品),深空巡卫海报(次品),深空巡卫海报(次品),深空巡卫海报(次品),深空巡卫海报(次品)
609022Name,,机甲星旅海报(次品),机甲星旅海报(次品),机甲星旅海报(次品),机甲星旅海报(次品),机甲星旅海报(次品),机甲星旅海报(次品),机甲星旅海报(次品)
609022Text,,机甲星旅海报(次品),机甲星旅海报(次品),机甲星旅海报(次品),机甲星旅海报(次品),机甲星旅海报(次品),机甲星旅海报(次品),机甲星旅海报(次品)
609023Name,,雨夜刃影海报(次品),雨夜刃影海报(次品),雨夜刃影海报(次品),雨夜刃影海报(次品),雨夜刃影海报(次品),雨夜刃影海报(次品),雨夜刃影海报(次品)
609023Text,,雨夜刃影海报(次品),雨夜刃影海报(次品),雨夜刃影海报(次品),雨夜刃影海报(次品),雨夜刃影海报(次品),雨夜刃影海报(次品),雨夜刃影海报(次品)
609024Name,,虚空战歌海报(次品),虚空战歌海报(次品),虚空战歌海报(次品),虚空战歌海报(次品),虚空战歌海报(次品),虚空战歌海报(次品),虚空战歌海报(次品)
609024Text,,虚空战歌海报(次品),虚空战歌海报(次品),虚空战歌海报(次品),虚空战歌海报(次品),虚空战歌海报(次品),虚空战歌海报(次品),虚空战歌海报(次品)
609025Name,,猫屿午后海报(次品),猫屿午后海报(次品),猫屿午后海报(次品),猫屿午后海报(次品),猫屿午后海报(次品),猫屿午后海报(次品),猫屿午后海报(次品)
609025Text,,猫屿午后海报(次品),猫屿午后海报(次品),猫屿午后海报(次品),猫屿午后海报(次品),猫屿午后海报(次品),猫屿午后海报(次品),猫屿午后海报(次品)
609026Name,,雪落狐踪海报(次品),雪落狐踪海报(次品),雪落狐踪海报(次品),雪落狐踪海报(次品),雪落狐踪海报(次品),雪落狐踪海报(次品),雪落狐踪海报(次品)
609026Text,,雪落狐踪海报(次品),雪落狐踪海报(次品),雪落狐踪海报(次品),雪落狐踪海报(次品),雪落狐踪海报(次品),雪落狐踪海报(次品),雪落狐踪海报(次品)
609027Name,,深海人鱼海报(次品),深海人鱼海报(次品),深海人鱼海报(次品),深海人鱼海报(次品),深海人鱼海报(次品),深海人鱼海报(次品),深海人鱼海报(次品)
609027Text,,深海人鱼海报(次品),深海人鱼海报(次品),深海人鱼海报(次品),深海人鱼海报(次品),深海人鱼海报(次品),深海人鱼海报(次品),深海人鱼海报(次品)
609028Name,,林间萤火海报(次品),林间萤火海报(次品),林间萤火海报(次品),林间萤火海报(次品),林间萤火海报(次品),林间萤火海报(次品),林间萤火海报(次品)
609028Text,,林间萤火海报(次品),林间萤火海报(次品),林间萤火海报(次品),林间萤火海报(次品),林间萤火海报(次品),林间萤火海报(次品),林间萤火海报(次品)
609029Name,,浅海碎浪海报(次品),浅海碎浪海报(次品),浅海碎浪海报(次品),浅海碎浪海报(次品),浅海碎浪海报(次品),浅海碎浪海报(次品),浅海碎浪海报(次品)
609029Text,,浅海碎浪海报(次品),浅海碎浪海报(次品),浅海碎浪海报(次品),浅海碎浪海报(次品),浅海碎浪海报(次品),浅海碎浪海报(次品),浅海碎浪海报(次品)
610000Name,,星野休憩镭射票(次品),星野休憩镭射票(次品),星野休憩镭射票(次品),星野休憩镭射票(次品),星野休憩镭射票(次品),星野休憩镭射票(次品),星野休憩镭射票(次品)
610000Text,,星野休憩镭射票(次品),星野休憩镭射票(次品),星野休憩镭射票(次品),星野休憩镭射票(次品),星野休憩镭射票(次品),星野休憩镭射票(次品),星野休憩镭射票(次品)
610001Name,,晚风橘绘镭射票(次品),晚风橘绘镭射票(次品),晚风橘绘镭射票(次品),晚风橘绘镭射票(次品),晚风橘绘镭射票(次品),晚风橘绘镭射票(次品),晚风橘绘镭射票(次品)
610001Text,,晚风橘绘镭射票(次品),晚风橘绘镭射票(次品),晚风橘绘镭射票(次品),晚风橘绘镭射票(次品),晚风橘绘镭射票(次品),晚风橘绘镭射票(次品),晚风橘绘镭射票(次品)
610002Name,,窗边白笺镭射票(次品),窗边白笺镭射票(次品),窗边白笺镭射票(次品),窗边白笺镭射票(次品),窗边白笺镭射票(次品),窗边白笺镭射票(次品),窗边白笺镭射票(次品)
610002Text,,窗边白笺镭射票(次品),窗边白笺镭射票(次品),窗边白笺镭射票(次品),窗边白笺镭射票(次品),窗边白笺镭射票(次品),窗边白笺镭射票(次品),窗边白笺镭射票(次品)
610003Name,,青空信约镭射票(次品),青空信约镭射票(次品),青空信约镭射票(次品),青空信约镭射票(次品),青空信约镭射票(次品),青空信约镭射票(次品),青空信约镭射票(次品)
610003Text,,青空信约镭射票(次品),青空信约镭射票(次品),青空信约镭射票(次品),青空信约镭射票(次品),青空信约镭射票(次品),青空信约镭射票(次品),青空信约镭射票(次品)
610004Name,,樱花私语镭射票(次品),樱花私语镭射票(次品),樱花私语镭射票(次品),樱花私语镭射票(次品),樱花私语镭射票(次品),樱花私语镭射票(次品),樱花私语镭射票(次品)
610004Text,,樱花私语镭射票(次品),樱花私语镭射票(次品),樱花私语镭射票(次品),樱花私语镭射票(次品),樱花私语镭射票(次品),樱花私语镭射票(次品),樱花私语镭射票(次品)
610005Name,,星轨魔导镭射票(次品),星轨魔导镭射票(次品),星轨魔导镭射票(次品),星轨魔导镭射票(次品),星轨魔导镭射票(次品),星轨魔导镭射票(次品),星轨魔导镭射票(次品)
610005Text,,星轨魔导镭射票(次品),星轨魔导镭射票(次品),星轨魔导镭射票(次品),星轨魔导镭射票(次品),星轨魔导镭射票(次品),星轨魔导镭射票(次品),星轨魔导镭射票(次品)
610006Name,,雾境魔女镭射票(次品),雾境魔女镭射票(次品),雾境魔女镭射票(次品),雾境魔女镭射票(次品),雾境魔女镭射票(次品),雾境魔女镭射票(次品),雾境魔女镭射票(次品)
610006Text,,雾境魔女镭射票(次品),雾境魔女镭射票(次品),雾境魔女镭射票(次品),雾境魔女镭射票(次品),雾境魔女镭射票(次品),雾境魔女镭射票(次品),雾境魔女镭射票(次品)
610007Name,,月光咒印镭射票(次品),月光咒印镭射票(次品),月光咒印镭射票(次品),月光咒印镭射票(次品),月光咒印镭射票(次品),月光咒印镭射票(次品),月光咒印镭射票(次品)
610007Text,,月光咒印镭射票(次品),月光咒印镭射票(次品),月光咒印镭射票(次品),月光咒印镭射票(次品),月光咒印镭射票(次品),月光咒印镭射票(次品),月光咒印镭射票(次品)
610008Name,,冰晶灵使镭射票(次品),冰晶灵使镭射票(次品),冰晶灵使镭射票(次品),冰晶灵使镭射票(次品),冰晶灵使镭射票(次品),冰晶灵使镭射票(次品),冰晶灵使镭射票(次品)
610008Text,,冰晶灵使镭射票(次品),冰晶灵使镭射票(次品),冰晶灵使镭射票(次品),冰晶灵使镭射票(次品),冰晶灵使镭射票(次品),冰晶灵使镭射票(次品),冰晶灵使镭射票(次品)
610009Name,,云间神谕镭射票(次品),云间神谕镭射票(次品),云间神谕镭射票(次品),云间神谕镭射票(次品),云间神谕镭射票(次品),云间神谕镭射票(次品),云间神谕镭射票(次品)
610009Text,,云间神谕镭射票(次品),云间神谕镭射票(次品),云间神谕镭射票(次品),云间神谕镭射票(次品),云间神谕镭射票(次品),云间神谕镭射票(次品),云间神谕镭射票(次品)
610010Name,,课间碎光镭射票(次品),课间碎光镭射票(次品),课间碎光镭射票(次品),课间碎光镭射票(次品),课间碎光镭射票(次品),课间碎光镭射票(次品),课间碎光镭射票(次品)
610010Text,,课间碎光镭射票(次品),课间碎光镭射票(次品),课间碎光镭射票(次品),课间碎光镭射票(次品),课间碎光镭射票(次品),课间碎光镭射票(次品),课间碎光镭射票(次品)
610011Name,,校服晚风镭射票(次品),校服晚风镭射票(次品),校服晚风镭射票(次品),校服晚风镭射票(次品),校服晚风镭射票(次品),校服晚风镭射票(次品),校服晚风镭射票(次品)
610011Text,,校服晚风镭射票(次品),校服晚风镭射票(次品),校服晚风镭射票(次品),校服晚风镭射票(次品),校服晚风镭射票(次品),校服晚风镭射票(次品),校服晚风镭射票(次品)
610012Name,,操场落日镭射票(次品),操场落日镭射票(次品),操场落日镭射票(次品),操场落日镭射票(次品),操场落日镭射票(次品),操场落日镭射票(次品),操场落日镭射票(次品)
610012Text,,操场落日镭射票(次品),操场落日镭射票(次品),操场落日镭射票(次品),操场落日镭射票(次品),操场落日镭射票(次品),操场落日镭射票(次品),操场落日镭射票(次品)
610013Name,,图书馆秘思镭射票(次品),图书馆秘思镭射票(次品),图书馆秘思镭射票(次品),图书馆秘思镭射票(次品),图书馆秘思镭射票(次品),图书馆秘思镭射票(次品),图书馆秘思镭射票(次品)
610013Text,,图书馆秘思镭射票(次品),图书馆秘思镭射票(次品),图书馆秘思镭射票(次品),图书馆秘思镭射票(次品),图书馆秘思镭射票(次品),图书馆秘思镭射票(次品),图书馆秘思镭射票(次品)
610014Name,,天台告白镭射票(次品),天台告白镭射票(次品),天台告白镭射票(次品),天台告白镭射票(次品),天台告白镭射票(次品),天台告白镭射票(次品),天台告白镭射票(次品)
610014Text,,天台告白镭射票(次品),天台告白镭射票(次品),天台告白镭射票(次品),天台告白镭射票(次品),天台告白镭射票(次品),天台告白镭射票(次品),天台告白镭射票(次品)
610015Name,,月下青衫镭射票(次品),月下青衫镭射票(次品),月下青衫镭射票(次品),月下青衫镭射票(次品),月下青衫镭射票(次品),月下青衫镭射票(次品),月下青衫镭射票(次品)
610015Text,,月下青衫镭射票(次品),月下青衫镭射票(次品),月下青衫镭射票(次品),月下青衫镭射票(次品),月下青衫镭射票(次品),月下青衫镭射票(次品),月下青衫镭射票(次品)
610016Name,,桃枝执扇镭射票(次品),桃枝执扇镭射票(次品),桃枝执扇镭射票(次品),桃枝执扇镭射票(次品),桃枝执扇镭射票(次品),桃枝执扇镭射票(次品),桃枝执扇镭射票(次品)
610016Text,,桃枝执扇镭射票(次品),桃枝执扇镭射票(次品),桃枝执扇镭射票(次品),桃枝执扇镭射票(次品),桃枝执扇镭射票(次品),桃枝执扇镭射票(次品),桃枝执扇镭射票(次品)
610017Name,,山河辞赋镭射票(次品),山河辞赋镭射票(次品),山河辞赋镭射票(次品),山河辞赋镭射票(次品),山河辞赋镭射票(次品),山河辞赋镭射票(次品),山河辞赋镭射票(次品)
610017Text,,山河辞赋镭射票(次品),山河辞赋镭射票(次品),山河辞赋镭射票(次品),山河辞赋镭射票(次品),山河辞赋镭射票(次品),山河辞赋镭射票(次品),山河辞赋镭射票(次品)
610018Name,,云袖清欢镭射票(次品),云袖清欢镭射票(次品),云袖清欢镭射票(次品),云袖清欢镭射票(次品),云袖清欢镭射票(次品),云袖清欢镭射票(次品),云袖清欢镭射票(次品)
610018Text,,云袖清欢镭射票(次品),云袖清欢镭射票(次品),云袖清欢镭射票(次品),云袖清欢镭射票(次品),云袖清欢镭射票(次品),云袖清欢镭射票(次品),云袖清欢镭射票(次品)
610019Name,,灯影红笺镭射票(次品),灯影红笺镭射票(次品),灯影红笺镭射票(次品),灯影红笺镭射票(次品),灯影红笺镭射票(次品),灯影红笺镭射票(次品),灯影红笺镭射票(次品)
610019Text,,灯影红笺镭射票(次品),灯影红笺镭射票(次品),灯影红笺镭射票(次品),灯影红笺镭射票(次品),灯影红笺镭射票(次品),灯影红笺镭射票(次品),灯影红笺镭射票(次品)
610020Name,,霓虹战姬镭射票(次品),霓虹战姬镭射票(次品),霓虹战姬镭射票(次品),霓虹战姬镭射票(次品),霓虹战姬镭射票(次品),霓虹战姬镭射票(次品),霓虹战姬镭射票(次品)
610020Text,,霓虹战姬镭射票(次品),霓虹战姬镭射票(次品),霓虹战姬镭射票(次品),霓虹战姬镭射票(次品),霓虹战姬镭射票(次品),霓虹战姬镭射票(次品),霓虹战姬镭射票(次品)
610021Name,,深空巡卫镭射票(次品),深空巡卫镭射票(次品),深空巡卫镭射票(次品),深空巡卫镭射票(次品),深空巡卫镭射票(次品),深空巡卫镭射票(次品),深空巡卫镭射票(次品)
610021Text,,深空巡卫镭射票(次品),深空巡卫镭射票(次品),深空巡卫镭射票(次品),深空巡卫镭射票(次品),深空巡卫镭射票(次品),深空巡卫镭射票(次品),深空巡卫镭射票(次品)
610022Name,,机甲星旅镭射票(次品),机甲星旅镭射票(次品),机甲星旅镭射票(次品),机甲星旅镭射票(次品),机甲星旅镭射票(次品),机甲星旅镭射票(次品),机甲星旅镭射票(次品)
610022Text,,机甲星旅镭射票(次品),机甲星旅镭射票(次品),机甲星旅镭射票(次品),机甲星旅镭射票(次品),机甲星旅镭射票(次品),机甲星旅镭射票(次品),机甲星旅镭射票(次品)
610023Name,,雨夜刃影镭射票(次品),雨夜刃影镭射票(次品),雨夜刃影镭射票(次品),雨夜刃影镭射票(次品),雨夜刃影镭射票(次品),雨夜刃影镭射票(次品),雨夜刃影镭射票(次品)
610023Text,,雨夜刃影镭射票(次品),雨夜刃影镭射票(次品),雨夜刃影镭射票(次品),雨夜刃影镭射票(次品),雨夜刃影镭射票(次品),雨夜刃影镭射票(次品),雨夜刃影镭射票(次品)
610024Name,,虚空战歌镭射票(次品),虚空战歌镭射票(次品),虚空战歌镭射票(次品),虚空战歌镭射票(次品),虚空战歌镭射票(次品),虚空战歌镭射票(次品),虚空战歌镭射票(次品)
610024Text,,虚空战歌镭射票(次品),虚空战歌镭射票(次品),虚空战歌镭射票(次品),虚空战歌镭射票(次品),虚空战歌镭射票(次品),虚空战歌镭射票(次品),虚空战歌镭射票(次品)
610025Name,,猫屿午后镭射票(次品),猫屿午后镭射票(次品),猫屿午后镭射票(次品),猫屿午后镭射票(次品),猫屿午后镭射票(次品),猫屿午后镭射票(次品),猫屿午后镭射票(次品)
610025Text,,猫屿午后镭射票(次品),猫屿午后镭射票(次品),猫屿午后镭射票(次品),猫屿午后镭射票(次品),猫屿午后镭射票(次品),猫屿午后镭射票(次品),猫屿午后镭射票(次品)
610026Name,,雪落狐踪镭射票(次品),雪落狐踪镭射票(次品),雪落狐踪镭射票(次品),雪落狐踪镭射票(次品),雪落狐踪镭射票(次品),雪落狐踪镭射票(次品),雪落狐踪镭射票(次品)
610026Text,,雪落狐踪镭射票(次品),雪落狐踪镭射票(次品),雪落狐踪镭射票(次品),雪落狐踪镭射票(次品),雪落狐踪镭射票(次品),雪落狐踪镭射票(次品),雪落狐踪镭射票(次品)
610027Name,,深海人鱼镭射票(次品),深海人鱼镭射票(次品),深海人鱼镭射票(次品),深海人鱼镭射票(次品),深海人鱼镭射票(次品),深海人鱼镭射票(次品),深海人鱼镭射票(次品)
610027Text,,深海人鱼镭射票(次品),深海人鱼镭射票(次品),深海人鱼镭射票(次品),深海人鱼镭射票(次品),深海人鱼镭射票(次品),深海人鱼镭射票(次品),深海人鱼镭射票(次品)
610028Name,,林间萤火镭射票(次品),林间萤火镭射票(次品),林间萤火镭射票(次品),林间萤火镭射票(次品),林间萤火镭射票(次品),林间萤火镭射票(次品),林间萤火镭射票(次品)
610028Text,,林间萤火镭射票(次品),林间萤火镭射票(次品),林间萤火镭射票(次品),林间萤火镭射票(次品),林间萤火镭射票(次品),林间萤火镭射票(次品),林间萤火镭射票(次品)
610029Name,,浅海碎浪镭射票(次品),浅海碎浪镭射票(次品),浅海碎浪镭射票(次品),浅海碎浪镭射票(次品),浅海碎浪镭射票(次品),浅海碎浪镭射票(次品),浅海碎浪镭射票(次品)
610029Text,,浅海碎浪镭射票(次品),浅海碎浪镭射票(次品),浅海碎浪镭射票(次品),浅海碎浪镭射票(次品),浅海碎浪镭射票(次品),浅海碎浪镭射票(次品),浅海碎浪镭射票(次品)
611000Name,,星野休憩手机壳(次品),星野休憩手机壳(次品),星野休憩手机壳(次品),星野休憩手机壳(次品),星野休憩手机壳(次品),星野休憩手机壳(次品),星野休憩手机壳(次品)
611000Text,,星野休憩手机壳(次品),星野休憩手机壳(次品),星野休憩手机壳(次品),星野休憩手机壳(次品),星野休憩手机壳(次品),星野休憩手机壳(次品),星野休憩手机壳(次品)
611001Name,,晚风橘绘手机壳(次品),晚风橘绘手机壳(次品),晚风橘绘手机壳(次品),晚风橘绘手机壳(次品),晚风橘绘手机壳(次品),晚风橘绘手机壳(次品),晚风橘绘手机壳(次品)
611001Text,,晚风橘绘手机壳(次品),晚风橘绘手机壳(次品),晚风橘绘手机壳(次品),晚风橘绘手机壳(次品),晚风橘绘手机壳(次品),晚风橘绘手机壳(次品),晚风橘绘手机壳(次品)
611002Name,,窗边白笺手机壳(次品),窗边白笺手机壳(次品),窗边白笺手机壳(次品),窗边白笺手机壳(次品),窗边白笺手机壳(次品),窗边白笺手机壳(次品),窗边白笺手机壳(次品)
611002Text,,窗边白笺手机壳(次品),窗边白笺手机壳(次品),窗边白笺手机壳(次品),窗边白笺手机壳(次品),窗边白笺手机壳(次品),窗边白笺手机壳(次品),窗边白笺手机壳(次品)
611003Name,,青空信约手机壳(次品),青空信约手机壳(次品),青空信约手机壳(次品),青空信约手机壳(次品),青空信约手机壳(次品),青空信约手机壳(次品),青空信约手机壳(次品)
611003Text,,青空信约手机壳(次品),青空信约手机壳(次品),青空信约手机壳(次品),青空信约手机壳(次品),青空信约手机壳(次品),青空信约手机壳(次品),青空信约手机壳(次品)
611004Name,,樱花私语手机壳(次品),樱花私语手机壳(次品),樱花私语手机壳(次品),樱花私语手机壳(次品),樱花私语手机壳(次品),樱花私语手机壳(次品),樱花私语手机壳(次品)
611004Text,,樱花私语手机壳(次品),樱花私语手机壳(次品),樱花私语手机壳(次品),樱花私语手机壳(次品),樱花私语手机壳(次品),樱花私语手机壳(次品),樱花私语手机壳(次品)
611005Name,,星轨魔导手机壳(次品),星轨魔导手机壳(次品),星轨魔导手机壳(次品),星轨魔导手机壳(次品),星轨魔导手机壳(次品),星轨魔导手机壳(次品),星轨魔导手机壳(次品)
611005Text,,星轨魔导手机壳(次品),星轨魔导手机壳(次品),星轨魔导手机壳(次品),星轨魔导手机壳(次品),星轨魔导手机壳(次品),星轨魔导手机壳(次品),星轨魔导手机壳(次品)
611006Name,,雾境魔女手机壳(次品),雾境魔女手机壳(次品),雾境魔女手机壳(次品),雾境魔女手机壳(次品),雾境魔女手机壳(次品),雾境魔女手机壳(次品),雾境魔女手机壳(次品)
611006Text,,雾境魔女手机壳(次品),雾境魔女手机壳(次品),雾境魔女手机壳(次品),雾境魔女手机壳(次品),雾境魔女手机壳(次品),雾境魔女手机壳(次品),雾境魔女手机壳(次品)
611007Name,,月光咒印手机壳(次品),月光咒印手机壳(次品),月光咒印手机壳(次品),月光咒印手机壳(次品),月光咒印手机壳(次品),月光咒印手机壳(次品),月光咒印手机壳(次品)
611007Text,,月光咒印手机壳(次品),月光咒印手机壳(次品),月光咒印手机壳(次品),月光咒印手机壳(次品),月光咒印手机壳(次品),月光咒印手机壳(次品),月光咒印手机壳(次品)
611008Name,,冰晶灵使手机壳(次品),冰晶灵使手机壳(次品),冰晶灵使手机壳(次品),冰晶灵使手机壳(次品),冰晶灵使手机壳(次品),冰晶灵使手机壳(次品),冰晶灵使手机壳(次品)
611008Text,,冰晶灵使手机壳(次品),冰晶灵使手机壳(次品),冰晶灵使手机壳(次品),冰晶灵使手机壳(次品),冰晶灵使手机壳(次品),冰晶灵使手机壳(次品),冰晶灵使手机壳(次品)
611009Name,,云间神谕手机壳(次品),云间神谕手机壳(次品),云间神谕手机壳(次品),云间神谕手机壳(次品),云间神谕手机壳(次品),云间神谕手机壳(次品),云间神谕手机壳(次品)
611009Text,,云间神谕手机壳(次品),云间神谕手机壳(次品),云间神谕手机壳(次品),云间神谕手机壳(次品),云间神谕手机壳(次品),云间神谕手机壳(次品),云间神谕手机壳(次品)
611010Name,,课间碎光手机壳(次品),课间碎光手机壳(次品),课间碎光手机壳(次品),课间碎光手机壳(次品),课间碎光手机壳(次品),课间碎光手机壳(次品),课间碎光手机壳(次品)
611010Text,,课间碎光手机壳(次品),课间碎光手机壳(次品),课间碎光手机壳(次品),课间碎光手机壳(次品),课间碎光手机壳(次品),课间碎光手机壳(次品),课间碎光手机壳(次品)
611011Name,,校服晚风手机壳(次品),校服晚风手机壳(次品),校服晚风手机壳(次品),校服晚风手机壳(次品),校服晚风手机壳(次品),校服晚风手机壳(次品),校服晚风手机壳(次品)
611011Text,,校服晚风手机壳(次品),校服晚风手机壳(次品),校服晚风手机壳(次品),校服晚风手机壳(次品),校服晚风手机壳(次品),校服晚风手机壳(次品),校服晚风手机壳(次品)
611012Name,,操场落日手机壳(次品),操场落日手机壳(次品),操场落日手机壳(次品),操场落日手机壳(次品),操场落日手机壳(次品),操场落日手机壳(次品),操场落日手机壳(次品)
611012Text,,操场落日手机壳(次品),操场落日手机壳(次品),操场落日手机壳(次品),操场落日手机壳(次品),操场落日手机壳(次品),操场落日手机壳(次品),操场落日手机壳(次品)
611013Name,,图书馆秘思手机壳(次品),图书馆秘思手机壳(次品),图书馆秘思手机壳(次品),图书馆秘思手机壳(次品),图书馆秘思手机壳(次品),图书馆秘思手机壳(次品),图书馆秘思手机壳(次品)
611013Text,,图书馆秘思手机壳(次品),图书馆秘思手机壳(次品),图书馆秘思手机壳(次品),图书馆秘思手机壳(次品),图书馆秘思手机壳(次品),图书馆秘思手机壳(次品),图书馆秘思手机壳(次品)
611014Name,,天台告白手机壳(次品),天台告白手机壳(次品),天台告白手机壳(次品),天台告白手机壳(次品),天台告白手机壳(次品),天台告白手机壳(次品),天台告白手机壳(次品)
611014Text,,天台告白手机壳(次品),天台告白手机壳(次品),天台告白手机壳(次品),天台告白手机壳(次品),天台告白手机壳(次品),天台告白手机壳(次品),天台告白手机壳(次品)
611015Name,,月下青衫手机壳(次品),月下青衫手机壳(次品),月下青衫手机壳(次品),月下青衫手机壳(次品),月下青衫手机壳(次品),月下青衫手机壳(次品),月下青衫手机壳(次品)
611015Text,,月下青衫手机壳(次品),月下青衫手机壳(次品),月下青衫手机壳(次品),月下青衫手机壳(次品),月下青衫手机壳(次品),月下青衫手机壳(次品),月下青衫手机壳(次品)
611016Name,,桃枝执扇手机壳(次品),桃枝执扇手机壳(次品),桃枝执扇手机壳(次品),桃枝执扇手机壳(次品),桃枝执扇手机壳(次品),桃枝执扇手机壳(次品),桃枝执扇手机壳(次品)
611016Text,,桃枝执扇手机壳(次品),桃枝执扇手机壳(次品),桃枝执扇手机壳(次品),桃枝执扇手机壳(次品),桃枝执扇手机壳(次品),桃枝执扇手机壳(次品),桃枝执扇手机壳(次品)
611017Name,,山河辞赋手机壳(次品),山河辞赋手机壳(次品),山河辞赋手机壳(次品),山河辞赋手机壳(次品),山河辞赋手机壳(次品),山河辞赋手机壳(次品),山河辞赋手机壳(次品)
611017Text,,山河辞赋手机壳(次品),山河辞赋手机壳(次品),山河辞赋手机壳(次品),山河辞赋手机壳(次品),山河辞赋手机壳(次品),山河辞赋手机壳(次品),山河辞赋手机壳(次品)
611018Name,,云袖清欢手机壳(次品),云袖清欢手机壳(次品),云袖清欢手机壳(次品),云袖清欢手机壳(次品),云袖清欢手机壳(次品),云袖清欢手机壳(次品),云袖清欢手机壳(次品)
611018Text,,云袖清欢手机壳(次品),云袖清欢手机壳(次品),云袖清欢手机壳(次品),云袖清欢手机壳(次品),云袖清欢手机壳(次品),云袖清欢手机壳(次品),云袖清欢手机壳(次品)
611019Name,,灯影红笺手机壳(次品),灯影红笺手机壳(次品),灯影红笺手机壳(次品),灯影红笺手机壳(次品),灯影红笺手机壳(次品),灯影红笺手机壳(次品),灯影红笺手机壳(次品)
611019Text,,灯影红笺手机壳(次品),灯影红笺手机壳(次品),灯影红笺手机壳(次品),灯影红笺手机壳(次品),灯影红笺手机壳(次品),灯影红笺手机壳(次品),灯影红笺手机壳(次品)
611020Name,,霓虹战姬手机壳(次品),霓虹战姬手机壳(次品),霓虹战姬手机壳(次品),霓虹战姬手机壳(次品),霓虹战姬手机壳(次品),霓虹战姬手机壳(次品),霓虹战姬手机壳(次品)
611020Text,,霓虹战姬手机壳(次品),霓虹战姬手机壳(次品),霓虹战姬手机壳(次品),霓虹战姬手机壳(次品),霓虹战姬手机壳(次品),霓虹战姬手机壳(次品),霓虹战姬手机壳(次品)
611021Name,,深空巡卫手机壳(次品),深空巡卫手机壳(次品),深空巡卫手机壳(次品),深空巡卫手机壳(次品),深空巡卫手机壳(次品),深空巡卫手机壳(次品),深空巡卫手机壳(次品)
611021Text,,深空巡卫手机壳(次品),深空巡卫手机壳(次品),深空巡卫手机壳(次品),深空巡卫手机壳(次品),深空巡卫手机壳(次品),深空巡卫手机壳(次品),深空巡卫手机壳(次品)
611022Name,,机甲星旅手机壳(次品),机甲星旅手机壳(次品),机甲星旅手机壳(次品),机甲星旅手机壳(次品),机甲星旅手机壳(次品),机甲星旅手机壳(次品),机甲星旅手机壳(次品)
611022Text,,机甲星旅手机壳(次品),机甲星旅手机壳(次品),机甲星旅手机壳(次品),机甲星旅手机壳(次品),机甲星旅手机壳(次品),机甲星旅手机壳(次品),机甲星旅手机壳(次品)
611023Name,,雨夜刃影手机壳(次品),雨夜刃影手机壳(次品),雨夜刃影手机壳(次品),雨夜刃影手机壳(次品),雨夜刃影手机壳(次品),雨夜刃影手机壳(次品),雨夜刃影手机壳(次品)
611023Text,,雨夜刃影手机壳(次品),雨夜刃影手机壳(次品),雨夜刃影手机壳(次品),雨夜刃影手机壳(次品),雨夜刃影手机壳(次品),雨夜刃影手机壳(次品),雨夜刃影手机壳(次品)
611024Name,,虚空战歌手机壳(次品),虚空战歌手机壳(次品),虚空战歌手机壳(次品),虚空战歌手机壳(次品),虚空战歌手机壳(次品),虚空战歌手机壳(次品),虚空战歌手机壳(次品)
611024Text,,虚空战歌手机壳(次品),虚空战歌手机壳(次品),虚空战歌手机壳(次品),虚空战歌手机壳(次品),虚空战歌手机壳(次品),虚空战歌手机壳(次品),虚空战歌手机壳(次品)
611025Name,,猫屿午后手机壳(次品),猫屿午后手机壳(次品),猫屿午后手机壳(次品),猫屿午后手机壳(次品),猫屿午后手机壳(次品),猫屿午后手机壳(次品),猫屿午后手机壳(次品)
611025Text,,猫屿午后手机壳(次品),猫屿午后手机壳(次品),猫屿午后手机壳(次品),猫屿午后手机壳(次品),猫屿午后手机壳(次品),猫屿午后手机壳(次品),猫屿午后手机壳(次品)
611026Name,,雪落狐踪手机壳(次品),雪落狐踪手机壳(次品),雪落狐踪手机壳(次品),雪落狐踪手机壳(次品),雪落狐踪手机壳(次品),雪落狐踪手机壳(次品),雪落狐踪手机壳(次品)
611026Text,,雪落狐踪手机壳(次品),雪落狐踪手机壳(次品),雪落狐踪手机壳(次品),雪落狐踪手机壳(次品),雪落狐踪手机壳(次品),雪落狐踪手机壳(次品),雪落狐踪手机壳(次品)
611027Name,,深海人鱼手机壳(次品),深海人鱼手机壳(次品),深海人鱼手机壳(次品),深海人鱼手机壳(次品),深海人鱼手机壳(次品),深海人鱼手机壳(次品),深海人鱼手机壳(次品)
611027Text,,深海人鱼手机壳(次品),深海人鱼手机壳(次品),深海人鱼手机壳(次品),深海人鱼手机壳(次品),深海人鱼手机壳(次品),深海人鱼手机壳(次品),深海人鱼手机壳(次品)
611028Name,,林间萤火手机壳(次品),林间萤火手机壳(次品),林间萤火手机壳(次品),林间萤火手机壳(次品),林间萤火手机壳(次品),林间萤火手机壳(次品),林间萤火手机壳(次品)
611028Text,,林间萤火手机壳(次品),林间萤火手机壳(次品),林间萤火手机壳(次品),林间萤火手机壳(次品),林间萤火手机壳(次品),林间萤火手机壳(次品),林间萤火手机壳(次品)
611029Name,,浅海碎浪手机壳(次品),浅海碎浪手机壳(次品),浅海碎浪手机壳(次品),浅海碎浪手机壳(次品),浅海碎浪手机壳(次品),浅海碎浪手机壳(次品),浅海碎浪手机壳(次品)
611029Text,,浅海碎浪手机壳(次品),浅海碎浪手机壳(次品),浅海碎浪手机壳(次品),浅海碎浪手机壳(次品),浅海碎浪手机壳(次品),浅海碎浪手机壳(次品),浅海碎浪手机壳(次品)
612000Name,,星野休憩贴纸(次品),星野休憩贴纸(次品),星野休憩贴纸(次品),星野休憩贴纸(次品),星野休憩贴纸(次品),星野休憩贴纸(次品),星野休憩贴纸(次品)
612000Text,,星野休憩贴纸(次品),星野休憩贴纸(次品),星野休憩贴纸(次品),星野休憩贴纸(次品),星野休憩贴纸(次品),星野休憩贴纸(次品),星野休憩贴纸(次品)
612001Name,,晚风橘绘贴纸(次品),晚风橘绘贴纸(次品),晚风橘绘贴纸(次品),晚风橘绘贴纸(次品),晚风橘绘贴纸(次品),晚风橘绘贴纸(次品),晚风橘绘贴纸(次品)
612001Text,,晚风橘绘贴纸(次品),晚风橘绘贴纸(次品),晚风橘绘贴纸(次品),晚风橘绘贴纸(次品),晚风橘绘贴纸(次品),晚风橘绘贴纸(次品),晚风橘绘贴纸(次品)
612002Name,,窗边白笺贴纸(次品),窗边白笺贴纸(次品),窗边白笺贴纸(次品),窗边白笺贴纸(次品),窗边白笺贴纸(次品),窗边白笺贴纸(次品),窗边白笺贴纸(次品)
612002Text,,窗边白笺贴纸(次品),窗边白笺贴纸(次品),窗边白笺贴纸(次品),窗边白笺贴纸(次品),窗边白笺贴纸(次品),窗边白笺贴纸(次品),窗边白笺贴纸(次品)
612003Name,,青空信约贴纸(次品),青空信约贴纸(次品),青空信约贴纸(次品),青空信约贴纸(次品),青空信约贴纸(次品),青空信约贴纸(次品),青空信约贴纸(次品)
612003Text,,青空信约贴纸(次品),青空信约贴纸(次品),青空信约贴纸(次品),青空信约贴纸(次品),青空信约贴纸(次品),青空信约贴纸(次品),青空信约贴纸(次品)
612004Name,,樱花私语贴纸(次品),樱花私语贴纸(次品),樱花私语贴纸(次品),樱花私语贴纸(次品),樱花私语贴纸(次品),樱花私语贴纸(次品),樱花私语贴纸(次品)
612004Text,,樱花私语贴纸(次品),樱花私语贴纸(次品),樱花私语贴纸(次品),樱花私语贴纸(次品),樱花私语贴纸(次品),樱花私语贴纸(次品),樱花私语贴纸(次品)
612005Name,,星轨魔导贴纸(次品),星轨魔导贴纸(次品),星轨魔导贴纸(次品),星轨魔导贴纸(次品),星轨魔导贴纸(次品),星轨魔导贴纸(次品),星轨魔导贴纸(次品)
612005Text,,星轨魔导贴纸(次品),星轨魔导贴纸(次品),星轨魔导贴纸(次品),星轨魔导贴纸(次品),星轨魔导贴纸(次品),星轨魔导贴纸(次品),星轨魔导贴纸(次品)
612006Name,,雾境魔女贴纸(次品),雾境魔女贴纸(次品),雾境魔女贴纸(次品),雾境魔女贴纸(次品),雾境魔女贴纸(次品),雾境魔女贴纸(次品),雾境魔女贴纸(次品)
612006Text,,雾境魔女贴纸(次品),雾境魔女贴纸(次品),雾境魔女贴纸(次品),雾境魔女贴纸(次品),雾境魔女贴纸(次品),雾境魔女贴纸(次品),雾境魔女贴纸(次品)
612007Name,,月光咒印贴纸(次品),月光咒印贴纸(次品),月光咒印贴纸(次品),月光咒印贴纸(次品),月光咒印贴纸(次品),月光咒印贴纸(次品),月光咒印贴纸(次品)
612007Text,,月光咒印贴纸(次品),月光咒印贴纸(次品),月光咒印贴纸(次品),月光咒印贴纸(次品),月光咒印贴纸(次品),月光咒印贴纸(次品),月光咒印贴纸(次品)
612008Name,,冰晶灵使贴纸(次品),冰晶灵使贴纸(次品),冰晶灵使贴纸(次品),冰晶灵使贴纸(次品),冰晶灵使贴纸(次品),冰晶灵使贴纸(次品),冰晶灵使贴纸(次品)
612008Text,,冰晶灵使贴纸(次品),冰晶灵使贴纸(次品),冰晶灵使贴纸(次品),冰晶灵使贴纸(次品),冰晶灵使贴纸(次品),冰晶灵使贴纸(次品),冰晶灵使贴纸(次品)
612009Name,,云间神谕贴纸(次品),云间神谕贴纸(次品),云间神谕贴纸(次品),云间神谕贴纸(次品),云间神谕贴纸(次品),云间神谕贴纸(次品),云间神谕贴纸(次品)
612009Text,,云间神谕贴纸(次品),云间神谕贴纸(次品),云间神谕贴纸(次品),云间神谕贴纸(次品),云间神谕贴纸(次品),云间神谕贴纸(次品),云间神谕贴纸(次品)
612010Name,,课间碎光贴纸(次品),课间碎光贴纸(次品),课间碎光贴纸(次品),课间碎光贴纸(次品),课间碎光贴纸(次品),课间碎光贴纸(次品),课间碎光贴纸(次品)
612010Text,,课间碎光贴纸(次品),课间碎光贴纸(次品),课间碎光贴纸(次品),课间碎光贴纸(次品),课间碎光贴纸(次品),课间碎光贴纸(次品),课间碎光贴纸(次品)
612011Name,,校服晚风贴纸(次品),校服晚风贴纸(次品),校服晚风贴纸(次品),校服晚风贴纸(次品),校服晚风贴纸(次品),校服晚风贴纸(次品),校服晚风贴纸(次品)
612011Text,,校服晚风贴纸(次品),校服晚风贴纸(次品),校服晚风贴纸(次品),校服晚风贴纸(次品),校服晚风贴纸(次品),校服晚风贴纸(次品),校服晚风贴纸(次品)
612012Name,,操场落日贴纸(次品),操场落日贴纸(次品),操场落日贴纸(次品),操场落日贴纸(次品),操场落日贴纸(次品),操场落日贴纸(次品),操场落日贴纸(次品)
612012Text,,操场落日贴纸(次品),操场落日贴纸(次品),操场落日贴纸(次品),操场落日贴纸(次品),操场落日贴纸(次品),操场落日贴纸(次品),操场落日贴纸(次品)
612013Name,,图书馆秘思贴纸(次品),图书馆秘思贴纸(次品),图书馆秘思贴纸(次品),图书馆秘思贴纸(次品),图书馆秘思贴纸(次品),图书馆秘思贴纸(次品),图书馆秘思贴纸(次品)
612013Text,,图书馆秘思贴纸(次品),图书馆秘思贴纸(次品),图书馆秘思贴纸(次品),图书馆秘思贴纸(次品),图书馆秘思贴纸(次品),图书馆秘思贴纸(次品),图书馆秘思贴纸(次品)
612014Name,,天台告白贴纸(次品),天台告白贴纸(次品),天台告白贴纸(次品),天台告白贴纸(次品),天台告白贴纸(次品),天台告白贴纸(次品),天台告白贴纸(次品)
612014Text,,天台告白贴纸(次品),天台告白贴纸(次品),天台告白贴纸(次品),天台告白贴纸(次品),天台告白贴纸(次品),天台告白贴纸(次品),天台告白贴纸(次品)
612015Name,,月下青衫贴纸(次品),月下青衫贴纸(次品),月下青衫贴纸(次品),月下青衫贴纸(次品),月下青衫贴纸(次品),月下青衫贴纸(次品),月下青衫贴纸(次品)
612015Text,,月下青衫贴纸(次品),月下青衫贴纸(次品),月下青衫贴纸(次品),月下青衫贴纸(次品),月下青衫贴纸(次品),月下青衫贴纸(次品),月下青衫贴纸(次品)
612016Name,,桃枝执扇贴纸(次品),桃枝执扇贴纸(次品),桃枝执扇贴纸(次品),桃枝执扇贴纸(次品),桃枝执扇贴纸(次品),桃枝执扇贴纸(次品),桃枝执扇贴纸(次品)
612016Text,,桃枝执扇贴纸(次品),桃枝执扇贴纸(次品),桃枝执扇贴纸(次品),桃枝执扇贴纸(次品),桃枝执扇贴纸(次品),桃枝执扇贴纸(次品),桃枝执扇贴纸(次品)
612017Name,,山河辞赋贴纸(次品),山河辞赋贴纸(次品),山河辞赋贴纸(次品),山河辞赋贴纸(次品),山河辞赋贴纸(次品),山河辞赋贴纸(次品),山河辞赋贴纸(次品)
612017Text,,山河辞赋贴纸(次品),山河辞赋贴纸(次品),山河辞赋贴纸(次品),山河辞赋贴纸(次品),山河辞赋贴纸(次品),山河辞赋贴纸(次品),山河辞赋贴纸(次品)
612018Name,,云袖清欢贴纸(次品),云袖清欢贴纸(次品),云袖清欢贴纸(次品),云袖清欢贴纸(次品),云袖清欢贴纸(次品),云袖清欢贴纸(次品),云袖清欢贴纸(次品)
612018Text,,云袖清欢贴纸(次品),云袖清欢贴纸(次品),云袖清欢贴纸(次品),云袖清欢贴纸(次品),云袖清欢贴纸(次品),云袖清欢贴纸(次品),云袖清欢贴纸(次品)
612019Name,,灯影红笺贴纸(次品),灯影红笺贴纸(次品),灯影红笺贴纸(次品),灯影红笺贴纸(次品),灯影红笺贴纸(次品),灯影红笺贴纸(次品),灯影红笺贴纸(次品)
612019Text,,灯影红笺贴纸(次品),灯影红笺贴纸(次品),灯影红笺贴纸(次品),灯影红笺贴纸(次品),灯影红笺贴纸(次品),灯影红笺贴纸(次品),灯影红笺贴纸(次品)
612020Name,,霓虹战姬贴纸(次品),霓虹战姬贴纸(次品),霓虹战姬贴纸(次品),霓虹战姬贴纸(次品),霓虹战姬贴纸(次品),霓虹战姬贴纸(次品),霓虹战姬贴纸(次品)
612020Text,,霓虹战姬贴纸(次品),霓虹战姬贴纸(次品),霓虹战姬贴纸(次品),霓虹战姬贴纸(次品),霓虹战姬贴纸(次品),霓虹战姬贴纸(次品),霓虹战姬贴纸(次品)
612021Name,,深空巡卫贴纸(次品),深空巡卫贴纸(次品),深空巡卫贴纸(次品),深空巡卫贴纸(次品),深空巡卫贴纸(次品),深空巡卫贴纸(次品),深空巡卫贴纸(次品)
612021Text,,深空巡卫贴纸(次品),深空巡卫贴纸(次品),深空巡卫贴纸(次品),深空巡卫贴纸(次品),深空巡卫贴纸(次品),深空巡卫贴纸(次品),深空巡卫贴纸(次品)
612022Name,,机甲星旅贴纸(次品),机甲星旅贴纸(次品),机甲星旅贴纸(次品),机甲星旅贴纸(次品),机甲星旅贴纸(次品),机甲星旅贴纸(次品),机甲星旅贴纸(次品)
612022Text,,机甲星旅贴纸(次品),机甲星旅贴纸(次品),机甲星旅贴纸(次品),机甲星旅贴纸(次品),机甲星旅贴纸(次品),机甲星旅贴纸(次品),机甲星旅贴纸(次品)
612023Name,,雨夜刃影贴纸(次品),雨夜刃影贴纸(次品),雨夜刃影贴纸(次品),雨夜刃影贴纸(次品),雨夜刃影贴纸(次品),雨夜刃影贴纸(次品),雨夜刃影贴纸(次品)
612023Text,,雨夜刃影贴纸(次品),雨夜刃影贴纸(次品),雨夜刃影贴纸(次品),雨夜刃影贴纸(次品),雨夜刃影贴纸(次品),雨夜刃影贴纸(次品),雨夜刃影贴纸(次品)
612024Name,,虚空战歌贴纸(次品),虚空战歌贴纸(次品),虚空战歌贴纸(次品),虚空战歌贴纸(次品),虚空战歌贴纸(次品),虚空战歌贴纸(次品),虚空战歌贴纸(次品)
612024Text,,虚空战歌贴纸(次品),虚空战歌贴纸(次品),虚空战歌贴纸(次品),虚空战歌贴纸(次品),虚空战歌贴纸(次品),虚空战歌贴纸(次品),虚空战歌贴纸(次品)
612025Name,,猫屿午后贴纸(次品),猫屿午后贴纸(次品),猫屿午后贴纸(次品),猫屿午后贴纸(次品),猫屿午后贴纸(次品),猫屿午后贴纸(次品),猫屿午后贴纸(次品)
612025Text,,猫屿午后贴纸(次品),猫屿午后贴纸(次品),猫屿午后贴纸(次品),猫屿午后贴纸(次品),猫屿午后贴纸(次品),猫屿午后贴纸(次品),猫屿午后贴纸(次品)
612026Name,,雪落狐踪贴纸(次品),雪落狐踪贴纸(次品),雪落狐踪贴纸(次品),雪落狐踪贴纸(次品),雪落狐踪贴纸(次品),雪落狐踪贴纸(次品),雪落狐踪贴纸(次品)
612026Text,,雪落狐踪贴纸(次品),雪落狐踪贴纸(次品),雪落狐踪贴纸(次品),雪落狐踪贴纸(次品),雪落狐踪贴纸(次品),雪落狐踪贴纸(次品),雪落狐踪贴纸(次品)
612027Name,,深海人鱼贴纸(次品),深海人鱼贴纸(次品),深海人鱼贴纸(次品),深海人鱼贴纸(次品),深海人鱼贴纸(次品),深海人鱼贴纸(次品),深海人鱼贴纸(次品)
612027Text,,深海人鱼贴纸(次品),深海人鱼贴纸(次品),深海人鱼贴纸(次品),深海人鱼贴纸(次品),深海人鱼贴纸(次品),深海人鱼贴纸(次品),深海人鱼贴纸(次品)
612028Name,,林间萤火贴纸(次品),林间萤火贴纸(次品),林间萤火贴纸(次品),林间萤火贴纸(次品),林间萤火贴纸(次品),林间萤火贴纸(次品),林间萤火贴纸(次品)
612028Text,,林间萤火贴纸(次品),林间萤火贴纸(次品),林间萤火贴纸(次品),林间萤火贴纸(次品),林间萤火贴纸(次品),林间萤火贴纸(次品),林间萤火贴纸(次品)
612029Name,,浅海碎浪贴纸(次品),浅海碎浪贴纸(次品),浅海碎浪贴纸(次品),浅海碎浪贴纸(次品),浅海碎浪贴纸(次品),浅海碎浪贴纸(次品),浅海碎浪贴纸(次品)
612029Text,,浅海碎浪贴纸(次品),浅海碎浪贴纸(次品),浅海碎浪贴纸(次品),浅海碎浪贴纸(次品),浅海碎浪贴纸(次品),浅海碎浪贴纸(次品),浅海碎浪贴纸(次品)
613000Name,,星野休憩本子(次品),星野休憩本子(次品),星野休憩本子(次品),星野休憩本子(次品),星野休憩本子(次品),星野休憩本子(次品),星野休憩本子(次品)
613000Text,,星野休憩本子(次品),星野休憩本子(次品),星野休憩本子(次品),星野休憩本子(次品),星野休憩本子(次品),星野休憩本子(次品),星野休憩本子(次品)
613001Name,,晚风橘绘本子(次品),晚风橘绘本子(次品),晚风橘绘本子(次品),晚风橘绘本子(次品),晚风橘绘本子(次品),晚风橘绘本子(次品),晚风橘绘本子(次品)
613001Text,,晚风橘绘本子(次品),晚风橘绘本子(次品),晚风橘绘本子(次品),晚风橘绘本子(次品),晚风橘绘本子(次品),晚风橘绘本子(次品),晚风橘绘本子(次品)
613002Name,,窗边白笺本子(次品),窗边白笺本子(次品),窗边白笺本子(次品),窗边白笺本子(次品),窗边白笺本子(次品),窗边白笺本子(次品),窗边白笺本子(次品)
613002Text,,窗边白笺本子(次品),窗边白笺本子(次品),窗边白笺本子(次品),窗边白笺本子(次品),窗边白笺本子(次品),窗边白笺本子(次品),窗边白笺本子(次品)
613003Name,,青空信约本子(次品),青空信约本子(次品),青空信约本子(次品),青空信约本子(次品),青空信约本子(次品),青空信约本子(次品),青空信约本子(次品)
613003Text,,青空信约本子(次品),青空信约本子(次品),青空信约本子(次品),青空信约本子(次品),青空信约本子(次品),青空信约本子(次品),青空信约本子(次品)
613004Name,,樱花私语本子(次品),樱花私语本子(次品),樱花私语本子(次品),樱花私语本子(次品),樱花私语本子(次品),樱花私语本子(次品),樱花私语本子(次品)
613004Text,,樱花私语本子(次品),樱花私语本子(次品),樱花私语本子(次品),樱花私语本子(次品),樱花私语本子(次品),樱花私语本子(次品),樱花私语本子(次品)
613005Name,,星轨魔导本子(次品),星轨魔导本子(次品),星轨魔导本子(次品),星轨魔导本子(次品),星轨魔导本子(次品),星轨魔导本子(次品),星轨魔导本子(次品)
613005Text,,星轨魔导本子(次品),星轨魔导本子(次品),星轨魔导本子(次品),星轨魔导本子(次品),星轨魔导本子(次品),星轨魔导本子(次品),星轨魔导本子(次品)
613006Name,,雾境魔女本子(次品),雾境魔女本子(次品),雾境魔女本子(次品),雾境魔女本子(次品),雾境魔女本子(次品),雾境魔女本子(次品),雾境魔女本子(次品)
613006Text,,雾境魔女本子(次品),雾境魔女本子(次品),雾境魔女本子(次品),雾境魔女本子(次品),雾境魔女本子(次品),雾境魔女本子(次品),雾境魔女本子(次品)
613007Name,,月光咒印本子(次品),月光咒印本子(次品),月光咒印本子(次品),月光咒印本子(次品),月光咒印本子(次品),月光咒印本子(次品),月光咒印本子(次品)
613007Text,,月光咒印本子(次品),月光咒印本子(次品),月光咒印本子(次品),月光咒印本子(次品),月光咒印本子(次品),月光咒印本子(次品),月光咒印本子(次品)
613008Name,,冰晶灵使本子(次品),冰晶灵使本子(次品),冰晶灵使本子(次品),冰晶灵使本子(次品),冰晶灵使本子(次品),冰晶灵使本子(次品),冰晶灵使本子(次品)
613008Text,,冰晶灵使本子(次品),冰晶灵使本子(次品),冰晶灵使本子(次品),冰晶灵使本子(次品),冰晶灵使本子(次品),冰晶灵使本子(次品),冰晶灵使本子(次品)
613009Name,,云间神谕本子(次品),云间神谕本子(次品),云间神谕本子(次品),云间神谕本子(次品),云间神谕本子(次品),云间神谕本子(次品),云间神谕本子(次品)
613009Text,,云间神谕本子(次品),云间神谕本子(次品),云间神谕本子(次品),云间神谕本子(次品),云间神谕本子(次品),云间神谕本子(次品),云间神谕本子(次品)
613010Name,,课间碎光本子(次品),课间碎光本子(次品),课间碎光本子(次品),课间碎光本子(次品),课间碎光本子(次品),课间碎光本子(次品),课间碎光本子(次品)
613010Text,,课间碎光本子(次品),课间碎光本子(次品),课间碎光本子(次品),课间碎光本子(次品),课间碎光本子(次品),课间碎光本子(次品),课间碎光本子(次品)
613011Name,,校服晚风本子(次品),校服晚风本子(次品),校服晚风本子(次品),校服晚风本子(次品),校服晚风本子(次品),校服晚风本子(次品),校服晚风本子(次品)
613011Text,,校服晚风本子(次品),校服晚风本子(次品),校服晚风本子(次品),校服晚风本子(次品),校服晚风本子(次品),校服晚风本子(次品),校服晚风本子(次品)
613012Name,,操场落日本子(次品),操场落日本子(次品),操场落日本子(次品),操场落日本子(次品),操场落日本子(次品),操场落日本子(次品),操场落日本子(次品)
613012Text,,操场落日本子(次品),操场落日本子(次品),操场落日本子(次品),操场落日本子(次品),操场落日本子(次品),操场落日本子(次品),操场落日本子(次品)
613013Name,,图书馆秘思本子(次品),图书馆秘思本子(次品),图书馆秘思本子(次品),图书馆秘思本子(次品),图书馆秘思本子(次品),图书馆秘思本子(次品),图书馆秘思本子(次品)
613013Text,,图书馆秘思本子(次品),图书馆秘思本子(次品),图书馆秘思本子(次品),图书馆秘思本子(次品),图书馆秘思本子(次品),图书馆秘思本子(次品),图书馆秘思本子(次品)
613014Name,,天台告白本子(次品),天台告白本子(次品),天台告白本子(次品),天台告白本子(次品),天台告白本子(次品),天台告白本子(次品),天台告白本子(次品)
613014Text,,天台告白本子(次品),天台告白本子(次品),天台告白本子(次品),天台告白本子(次品),天台告白本子(次品),天台告白本子(次品),天台告白本子(次品)
613015Name,,月下青衫本子(次品),月下青衫本子(次品),月下青衫本子(次品),月下青衫本子(次品),月下青衫本子(次品),月下青衫本子(次品),月下青衫本子(次品)
613015Text,,月下青衫本子(次品),月下青衫本子(次品),月下青衫本子(次品),月下青衫本子(次品),月下青衫本子(次品),月下青衫本子(次品),月下青衫本子(次品)
613016Name,,桃枝执扇本子(次品),桃枝执扇本子(次品),桃枝执扇本子(次品),桃枝执扇本子(次品),桃枝执扇本子(次品),桃枝执扇本子(次品),桃枝执扇本子(次品)
613016Text,,桃枝执扇本子(次品),桃枝执扇本子(次品),桃枝执扇本子(次品),桃枝执扇本子(次品),桃枝执扇本子(次品),桃枝执扇本子(次品),桃枝执扇本子(次品)
613017Name,,山河辞赋本子(次品),山河辞赋本子(次品),山河辞赋本子(次品),山河辞赋本子(次品),山河辞赋本子(次品),山河辞赋本子(次品),山河辞赋本子(次品)
613017Text,,山河辞赋本子(次品),山河辞赋本子(次品),山河辞赋本子(次品),山河辞赋本子(次品),山河辞赋本子(次品),山河辞赋本子(次品),山河辞赋本子(次品)
613018Name,,云袖清欢本子(次品),云袖清欢本子(次品),云袖清欢本子(次品),云袖清欢本子(次品),云袖清欢本子(次品),云袖清欢本子(次品),云袖清欢本子(次品)
613018Text,,云袖清欢本子(次品),云袖清欢本子(次品),云袖清欢本子(次品),云袖清欢本子(次品),云袖清欢本子(次品),云袖清欢本子(次品),云袖清欢本子(次品)
613019Name,,灯影红笺本子(次品),灯影红笺本子(次品),灯影红笺本子(次品),灯影红笺本子(次品),灯影红笺本子(次品),灯影红笺本子(次品),灯影红笺本子(次品)
613019Text,,灯影红笺本子(次品),灯影红笺本子(次品),灯影红笺本子(次品),灯影红笺本子(次品),灯影红笺本子(次品),灯影红笺本子(次品),灯影红笺本子(次品)
613020Name,,霓虹战姬本子(次品),霓虹战姬本子(次品),霓虹战姬本子(次品),霓虹战姬本子(次品),霓虹战姬本子(次品),霓虹战姬本子(次品),霓虹战姬本子(次品)
613020Text,,霓虹战姬本子(次品),霓虹战姬本子(次品),霓虹战姬本子(次品),霓虹战姬本子(次品),霓虹战姬本子(次品),霓虹战姬本子(次品),霓虹战姬本子(次品)
613021Name,,深空巡卫本子(次品),深空巡卫本子(次品),深空巡卫本子(次品),深空巡卫本子(次品),深空巡卫本子(次品),深空巡卫本子(次品),深空巡卫本子(次品)
613021Text,,深空巡卫本子(次品),深空巡卫本子(次品),深空巡卫本子(次品),深空巡卫本子(次品),深空巡卫本子(次品),深空巡卫本子(次品),深空巡卫本子(次品)
613022Name,,机甲星旅本子(次品),机甲星旅本子(次品),机甲星旅本子(次品),机甲星旅本子(次品),机甲星旅本子(次品),机甲星旅本子(次品),机甲星旅本子(次品)
613022Text,,机甲星旅本子(次品),机甲星旅本子(次品),机甲星旅本子(次品),机甲星旅本子(次品),机甲星旅本子(次品),机甲星旅本子(次品),机甲星旅本子(次品)
613023Name,,雨夜刃影本子(次品),雨夜刃影本子(次品),雨夜刃影本子(次品),雨夜刃影本子(次品),雨夜刃影本子(次品),雨夜刃影本子(次品),雨夜刃影本子(次品)
613023Text,,雨夜刃影本子(次品),雨夜刃影本子(次品),雨夜刃影本子(次品),雨夜刃影本子(次品),雨夜刃影本子(次品),雨夜刃影本子(次品),雨夜刃影本子(次品)
613024Name,,虚空战歌本子(次品),虚空战歌本子(次品),虚空战歌本子(次品),虚空战歌本子(次品),虚空战歌本子(次品),虚空战歌本子(次品),虚空战歌本子(次品)
613024Text,,虚空战歌本子(次品),虚空战歌本子(次品),虚空战歌本子(次品),虚空战歌本子(次品),虚空战歌本子(次品),虚空战歌本子(次品),虚空战歌本子(次品)
613025Name,,猫屿午后本子(次品),猫屿午后本子(次品),猫屿午后本子(次品),猫屿午后本子(次品),猫屿午后本子(次品),猫屿午后本子(次品),猫屿午后本子(次品)
613025Text,,猫屿午后本子(次品),猫屿午后本子(次品),猫屿午后本子(次品),猫屿午后本子(次品),猫屿午后本子(次品),猫屿午后本子(次品),猫屿午后本子(次品)
613026Name,,雪落狐踪本子(次品),雪落狐踪本子(次品),雪落狐踪本子(次品),雪落狐踪本子(次品),雪落狐踪本子(次品),雪落狐踪本子(次品),雪落狐踪本子(次品)
613026Text,,雪落狐踪本子(次品),雪落狐踪本子(次品),雪落狐踪本子(次品),雪落狐踪本子(次品),雪落狐踪本子(次品),雪落狐踪本子(次品),雪落狐踪本子(次品)
613027Name,,深海人鱼本子(次品),深海人鱼本子(次品),深海人鱼本子(次品),深海人鱼本子(次品),深海人鱼本子(次品),深海人鱼本子(次品),深海人鱼本子(次品)
613027Text,,深海人鱼本子(次品),深海人鱼本子(次品),深海人鱼本子(次品),深海人鱼本子(次品),深海人鱼本子(次品),深海人鱼本子(次品),深海人鱼本子(次品)
613028Name,,林间萤火本子(次品),林间萤火本子(次品),林间萤火本子(次品),林间萤火本子(次品),林间萤火本子(次品),林间萤火本子(次品),林间萤火本子(次品)
613028Text,,林间萤火本子(次品),林间萤火本子(次品),林间萤火本子(次品),林间萤火本子(次品),林间萤火本子(次品),林间萤火本子(次品),林间萤火本子(次品)
613029Name,,浅海碎浪本子(次品),浅海碎浪本子(次品),浅海碎浪本子(次品),浅海碎浪本子(次品),浅海碎浪本子(次品),浅海碎浪本子(次品),浅海碎浪本子(次品)
613029Text,,浅海碎浪本子(次品),浅海碎浪本子(次品),浅海碎浪本子(次品),浅海碎浪本子(次品),浅海碎浪本子(次品),浅海碎浪本子(次品),浅海碎浪本子(次品)
614000Name,,星野休憩钥匙扣(次品),星野休憩钥匙扣(次品),星野休憩钥匙扣(次品),星野休憩钥匙扣(次品),星野休憩钥匙扣(次品),星野休憩钥匙扣(次品),星野休憩钥匙扣(次品)
614000Text,,星野休憩钥匙扣(次品),星野休憩钥匙扣(次品),星野休憩钥匙扣(次品),星野休憩钥匙扣(次品),星野休憩钥匙扣(次品),星野休憩钥匙扣(次品),星野休憩钥匙扣(次品)
614001Name,,晚风橘绘钥匙扣(次品),晚风橘绘钥匙扣(次品),晚风橘绘钥匙扣(次品),晚风橘绘钥匙扣(次品),晚风橘绘钥匙扣(次品),晚风橘绘钥匙扣(次品),晚风橘绘钥匙扣(次品)
614001Text,,晚风橘绘钥匙扣(次品),晚风橘绘钥匙扣(次品),晚风橘绘钥匙扣(次品),晚风橘绘钥匙扣(次品),晚风橘绘钥匙扣(次品),晚风橘绘钥匙扣(次品),晚风橘绘钥匙扣(次品)
614002Name,,窗边白笺钥匙扣(次品),窗边白笺钥匙扣(次品),窗边白笺钥匙扣(次品),窗边白笺钥匙扣(次品),窗边白笺钥匙扣(次品),窗边白笺钥匙扣(次品),窗边白笺钥匙扣(次品)
614002Text,,窗边白笺钥匙扣(次品),窗边白笺钥匙扣(次品),窗边白笺钥匙扣(次品),窗边白笺钥匙扣(次品),窗边白笺钥匙扣(次品),窗边白笺钥匙扣(次品),窗边白笺钥匙扣(次品)
614003Name,,青空信约钥匙扣(次品),青空信约钥匙扣(次品),青空信约钥匙扣(次品),青空信约钥匙扣(次品),青空信约钥匙扣(次品),青空信约钥匙扣(次品),青空信约钥匙扣(次品)
614003Text,,青空信约钥匙扣(次品),青空信约钥匙扣(次品),青空信约钥匙扣(次品),青空信约钥匙扣(次品),青空信约钥匙扣(次品),青空信约钥匙扣(次品),青空信约钥匙扣(次品)
614004Name,,樱花私语钥匙扣(次品),樱花私语钥匙扣(次品),樱花私语钥匙扣(次品),樱花私语钥匙扣(次品),樱花私语钥匙扣(次品),樱花私语钥匙扣(次品),樱花私语钥匙扣(次品)
614004Text,,樱花私语钥匙扣(次品),樱花私语钥匙扣(次品),樱花私语钥匙扣(次品),樱花私语钥匙扣(次品),樱花私语钥匙扣(次品),樱花私语钥匙扣(次品),樱花私语钥匙扣(次品)
614005Name,,星轨魔导钥匙扣(次品),星轨魔导钥匙扣(次品),星轨魔导钥匙扣(次品),星轨魔导钥匙扣(次品),星轨魔导钥匙扣(次品),星轨魔导钥匙扣(次品),星轨魔导钥匙扣(次品)
614005Text,,星轨魔导钥匙扣(次品),星轨魔导钥匙扣(次品),星轨魔导钥匙扣(次品),星轨魔导钥匙扣(次品),星轨魔导钥匙扣(次品),星轨魔导钥匙扣(次品),星轨魔导钥匙扣(次品)
614006Name,,雾境魔女钥匙扣(次品),雾境魔女钥匙扣(次品),雾境魔女钥匙扣(次品),雾境魔女钥匙扣(次品),雾境魔女钥匙扣(次品),雾境魔女钥匙扣(次品),雾境魔女钥匙扣(次品)
614006Text,,雾境魔女钥匙扣(次品),雾境魔女钥匙扣(次品),雾境魔女钥匙扣(次品),雾境魔女钥匙扣(次品),雾境魔女钥匙扣(次品),雾境魔女钥匙扣(次品),雾境魔女钥匙扣(次品)
614007Name,,月光咒印钥匙扣(次品),月光咒印钥匙扣(次品),月光咒印钥匙扣(次品),月光咒印钥匙扣(次品),月光咒印钥匙扣(次品),月光咒印钥匙扣(次品),月光咒印钥匙扣(次品)
614007Text,,月光咒印钥匙扣(次品),月光咒印钥匙扣(次品),月光咒印钥匙扣(次品),月光咒印钥匙扣(次品),月光咒印钥匙扣(次品),月光咒印钥匙扣(次品),月光咒印钥匙扣(次品)
614008Name,,冰晶灵使钥匙扣(次品),冰晶灵使钥匙扣(次品),冰晶灵使钥匙扣(次品),冰晶灵使钥匙扣(次品),冰晶灵使钥匙扣(次品),冰晶灵使钥匙扣(次品),冰晶灵使钥匙扣(次品)
614008Text,,冰晶灵使钥匙扣(次品),冰晶灵使钥匙扣(次品),冰晶灵使钥匙扣(次品),冰晶灵使钥匙扣(次品),冰晶灵使钥匙扣(次品),冰晶灵使钥匙扣(次品),冰晶灵使钥匙扣(次品)
614009Name,,云间神谕钥匙扣(次品),云间神谕钥匙扣(次品),云间神谕钥匙扣(次品),云间神谕钥匙扣(次品),云间神谕钥匙扣(次品),云间神谕钥匙扣(次品),云间神谕钥匙扣(次品)
614009Text,,云间神谕钥匙扣(次品),云间神谕钥匙扣(次品),云间神谕钥匙扣(次品),云间神谕钥匙扣(次品),云间神谕钥匙扣(次品),云间神谕钥匙扣(次品),云间神谕钥匙扣(次品)
614010Name,,课间碎光钥匙扣(次品),课间碎光钥匙扣(次品),课间碎光钥匙扣(次品),课间碎光钥匙扣(次品),课间碎光钥匙扣(次品),课间碎光钥匙扣(次品),课间碎光钥匙扣(次品)
614010Text,,课间碎光钥匙扣(次品),课间碎光钥匙扣(次品),课间碎光钥匙扣(次品),课间碎光钥匙扣(次品),课间碎光钥匙扣(次品),课间碎光钥匙扣(次品),课间碎光钥匙扣(次品)
614011Name,,校服晚风钥匙扣(次品),校服晚风钥匙扣(次品),校服晚风钥匙扣(次品),校服晚风钥匙扣(次品),校服晚风钥匙扣(次品),校服晚风钥匙扣(次品),校服晚风钥匙扣(次品)
614011Text,,校服晚风钥匙扣(次品),校服晚风钥匙扣(次品),校服晚风钥匙扣(次品),校服晚风钥匙扣(次品),校服晚风钥匙扣(次品),校服晚风钥匙扣(次品),校服晚风钥匙扣(次品)
614012Name,,操场落日钥匙扣(次品),操场落日钥匙扣(次品),操场落日钥匙扣(次品),操场落日钥匙扣(次品),操场落日钥匙扣(次品),操场落日钥匙扣(次品),操场落日钥匙扣(次品)
614012Text,,操场落日钥匙扣(次品),操场落日钥匙扣(次品),操场落日钥匙扣(次品),操场落日钥匙扣(次品),操场落日钥匙扣(次品),操场落日钥匙扣(次品),操场落日钥匙扣(次品)
614013Name,,图书馆秘思钥匙扣(次品),图书馆秘思钥匙扣(次品),图书馆秘思钥匙扣(次品),图书馆秘思钥匙扣(次品),图书馆秘思钥匙扣(次品),图书馆秘思钥匙扣(次品),图书馆秘思钥匙扣(次品)
614013Text,,图书馆秘思钥匙扣(次品),图书馆秘思钥匙扣(次品),图书馆秘思钥匙扣(次品),图书馆秘思钥匙扣(次品),图书馆秘思钥匙扣(次品),图书馆秘思钥匙扣(次品),图书馆秘思钥匙扣(次品)
614014Name,,天台告白钥匙扣(次品),天台告白钥匙扣(次品),天台告白钥匙扣(次品),天台告白钥匙扣(次品),天台告白钥匙扣(次品),天台告白钥匙扣(次品),天台告白钥匙扣(次品)
614014Text,,天台告白钥匙扣(次品),天台告白钥匙扣(次品),天台告白钥匙扣(次品),天台告白钥匙扣(次品),天台告白钥匙扣(次品),天台告白钥匙扣(次品),天台告白钥匙扣(次品)
614015Name,,月下青衫钥匙扣(次品),月下青衫钥匙扣(次品),月下青衫钥匙扣(次品),月下青衫钥匙扣(次品),月下青衫钥匙扣(次品),月下青衫钥匙扣(次品),月下青衫钥匙扣(次品)
614015Text,,月下青衫钥匙扣(次品),月下青衫钥匙扣(次品),月下青衫钥匙扣(次品),月下青衫钥匙扣(次品),月下青衫钥匙扣(次品),月下青衫钥匙扣(次品),月下青衫钥匙扣(次品)
614016Name,,桃枝执扇钥匙扣(次品),桃枝执扇钥匙扣(次品),桃枝执扇钥匙扣(次品),桃枝执扇钥匙扣(次品),桃枝执扇钥匙扣(次品),桃枝执扇钥匙扣(次品),桃枝执扇钥匙扣(次品)
614016Text,,桃枝执扇钥匙扣(次品),桃枝执扇钥匙扣(次品),桃枝执扇钥匙扣(次品),桃枝执扇钥匙扣(次品),桃枝执扇钥匙扣(次品),桃枝执扇钥匙扣(次品),桃枝执扇钥匙扣(次品)
614017Name,,山河辞赋钥匙扣(次品),山河辞赋钥匙扣(次品),山河辞赋钥匙扣(次品),山河辞赋钥匙扣(次品),山河辞赋钥匙扣(次品),山河辞赋钥匙扣(次品),山河辞赋钥匙扣(次品)
614017Text,,山河辞赋钥匙扣(次品),山河辞赋钥匙扣(次品),山河辞赋钥匙扣(次品),山河辞赋钥匙扣(次品),山河辞赋钥匙扣(次品),山河辞赋钥匙扣(次品),山河辞赋钥匙扣(次品)
614018Name,,云袖清欢钥匙扣(次品),云袖清欢钥匙扣(次品),云袖清欢钥匙扣(次品),云袖清欢钥匙扣(次品),云袖清欢钥匙扣(次品),云袖清欢钥匙扣(次品),云袖清欢钥匙扣(次品)
614018Text,,云袖清欢钥匙扣(次品),云袖清欢钥匙扣(次品),云袖清欢钥匙扣(次品),云袖清欢钥匙扣(次品),云袖清欢钥匙扣(次品),云袖清欢钥匙扣(次品),云袖清欢钥匙扣(次品)
614019Name,,灯影红笺钥匙扣(次品),灯影红笺钥匙扣(次品),灯影红笺钥匙扣(次品),灯影红笺钥匙扣(次品),灯影红笺钥匙扣(次品),灯影红笺钥匙扣(次品),灯影红笺钥匙扣(次品)
614019Text,,灯影红笺钥匙扣(次品),灯影红笺钥匙扣(次品),灯影红笺钥匙扣(次品),灯影红笺钥匙扣(次品),灯影红笺钥匙扣(次品),灯影红笺钥匙扣(次品),灯影红笺钥匙扣(次品)
614020Name,,霓虹战姬钥匙扣(次品),霓虹战姬钥匙扣(次品),霓虹战姬钥匙扣(次品),霓虹战姬钥匙扣(次品),霓虹战姬钥匙扣(次品),霓虹战姬钥匙扣(次品),霓虹战姬钥匙扣(次品)
614020Text,,霓虹战姬钥匙扣(次品),霓虹战姬钥匙扣(次品),霓虹战姬钥匙扣(次品),霓虹战姬钥匙扣(次品),霓虹战姬钥匙扣(次品),霓虹战姬钥匙扣(次品),霓虹战姬钥匙扣(次品)
614021Name,,深空巡卫钥匙扣(次品),深空巡卫钥匙扣(次品),深空巡卫钥匙扣(次品),深空巡卫钥匙扣(次品),深空巡卫钥匙扣(次品),深空巡卫钥匙扣(次品),深空巡卫钥匙扣(次品)
614021Text,,深空巡卫钥匙扣(次品),深空巡卫钥匙扣(次品),深空巡卫钥匙扣(次品),深空巡卫钥匙扣(次品),深空巡卫钥匙扣(次品),深空巡卫钥匙扣(次品),深空巡卫钥匙扣(次品)
614022Name,,机甲星旅钥匙扣(次品),机甲星旅钥匙扣(次品),机甲星旅钥匙扣(次品),机甲星旅钥匙扣(次品),机甲星旅钥匙扣(次品),机甲星旅钥匙扣(次品),机甲星旅钥匙扣(次品)
614022Text,,机甲星旅钥匙扣(次品),机甲星旅钥匙扣(次品),机甲星旅钥匙扣(次品),机甲星旅钥匙扣(次品),机甲星旅钥匙扣(次品),机甲星旅钥匙扣(次品),机甲星旅钥匙扣(次品)
614023Name,,雨夜刃影钥匙扣(次品),雨夜刃影钥匙扣(次品),雨夜刃影钥匙扣(次品),雨夜刃影钥匙扣(次品),雨夜刃影钥匙扣(次品),雨夜刃影钥匙扣(次品),雨夜刃影钥匙扣(次品)
614023Text,,雨夜刃影钥匙扣(次品),雨夜刃影钥匙扣(次品),雨夜刃影钥匙扣(次品),雨夜刃影钥匙扣(次品),雨夜刃影钥匙扣(次品),雨夜刃影钥匙扣(次品),雨夜刃影钥匙扣(次品)
614024Name,,虚空战歌钥匙扣(次品),虚空战歌钥匙扣(次品),虚空战歌钥匙扣(次品),虚空战歌钥匙扣(次品),虚空战歌钥匙扣(次品),虚空战歌钥匙扣(次品),虚空战歌钥匙扣(次品)
614024Text,,虚空战歌钥匙扣(次品),虚空战歌钥匙扣(次品),虚空战歌钥匙扣(次品),虚空战歌钥匙扣(次品),虚空战歌钥匙扣(次品),虚空战歌钥匙扣(次品),虚空战歌钥匙扣(次品)
614025Name,,猫屿午后钥匙扣(次品),猫屿午后钥匙扣(次品),猫屿午后钥匙扣(次品),猫屿午后钥匙扣(次品),猫屿午后钥匙扣(次品),猫屿午后钥匙扣(次品),猫屿午后钥匙扣(次品)
614025Text,,猫屿午后钥匙扣(次品),猫屿午后钥匙扣(次品),猫屿午后钥匙扣(次品),猫屿午后钥匙扣(次品),猫屿午后钥匙扣(次品),猫屿午后钥匙扣(次品),猫屿午后钥匙扣(次品)
614026Name,,雪落狐踪钥匙扣(次品),雪落狐踪钥匙扣(次品),雪落狐踪钥匙扣(次品),雪落狐踪钥匙扣(次品),雪落狐踪钥匙扣(次品),雪落狐踪钥匙扣(次品),雪落狐踪钥匙扣(次品)
614026Text,,雪落狐踪钥匙扣(次品),雪落狐踪钥匙扣(次品),雪落狐踪钥匙扣(次品),雪落狐踪钥匙扣(次品),雪落狐踪钥匙扣(次品),雪落狐踪钥匙扣(次品),雪落狐踪钥匙扣(次品)
614027Name,,深海人鱼钥匙扣(次品),深海人鱼钥匙扣(次品),深海人鱼钥匙扣(次品),深海人鱼钥匙扣(次品),深海人鱼钥匙扣(次品),深海人鱼钥匙扣(次品),深海人鱼钥匙扣(次品)
614027Text,,深海人鱼钥匙扣(次品),深海人鱼钥匙扣(次品),深海人鱼钥匙扣(次品),深海人鱼钥匙扣(次品),深海人鱼钥匙扣(次品),深海人鱼钥匙扣(次品),深海人鱼钥匙扣(次品)
614028Name,,林间萤火钥匙扣(次品),林间萤火钥匙扣(次品),林间萤火钥匙扣(次品),林间萤火钥匙扣(次品),林间萤火钥匙扣(次品),林间萤火钥匙扣(次品),林间萤火钥匙扣(次品)
614028Text,,林间萤火钥匙扣(次品),林间萤火钥匙扣(次品),林间萤火钥匙扣(次品),林间萤火钥匙扣(次品),林间萤火钥匙扣(次品),林间萤火钥匙扣(次品),林间萤火钥匙扣(次品)
614029Name,,浅海碎浪钥匙扣(次品),浅海碎浪钥匙扣(次品),浅海碎浪钥匙扣(次品),浅海碎浪钥匙扣(次品),浅海碎浪钥匙扣(次品),浅海碎浪钥匙扣(次品),浅海碎浪钥匙扣(次品)
614029Text,,浅海碎浪钥匙扣(次品),浅海碎浪钥匙扣(次品),浅海碎浪钥匙扣(次品),浅海碎浪钥匙扣(次品),浅海碎浪钥匙扣(次品),浅海碎浪钥匙扣(次品),浅海碎浪钥匙扣(次品)
615000Name,,星野休憩T-恤(次品),星野休憩T-恤(次品),星野休憩T-恤(次品),星野休憩T-恤(次品),星野休憩T-恤(次品),星野休憩T-恤(次品),星野休憩T-恤(次品)
615000Text,,星野休憩T-恤(次品),星野休憩T-恤(次品),星野休憩T-恤(次品),星野休憩T-恤(次品),星野休憩T-恤(次品),星野休憩T-恤(次品),星野休憩T-恤(次品)
615001Name,,晚风橘绘T-恤(次品),晚风橘绘T-恤(次品),晚风橘绘T-恤(次品),晚风橘绘T-恤(次品),晚风橘绘T-恤(次品),晚风橘绘T-恤(次品),晚风橘绘T-恤(次品)
615001Text,,晚风橘绘T-恤(次品),晚风橘绘T-恤(次品),晚风橘绘T-恤(次品),晚风橘绘T-恤(次品),晚风橘绘T-恤(次品),晚风橘绘T-恤(次品),晚风橘绘T-恤(次品)
615002Name,,窗边白笺T-恤(次品),窗边白笺T-恤(次品),窗边白笺T-恤(次品),窗边白笺T-恤(次品),窗边白笺T-恤(次品),窗边白笺T-恤(次品),窗边白笺T-恤(次品)
615002Text,,窗边白笺T-恤(次品),窗边白笺T-恤(次品),窗边白笺T-恤(次品),窗边白笺T-恤(次品),窗边白笺T-恤(次品),窗边白笺T-恤(次品),窗边白笺T-恤(次品)
615003Name,,青空信约T-恤(次品),青空信约T-恤(次品),青空信约T-恤(次品),青空信约T-恤(次品),青空信约T-恤(次品),青空信约T-恤(次品),青空信约T-恤(次品)
615003Text,,青空信约T-恤(次品),青空信约T-恤(次品),青空信约T-恤(次品),青空信约T-恤(次品),青空信约T-恤(次品),青空信约T-恤(次品),青空信约T-恤(次品)
615004Name,,樱花私语T-恤(次品),樱花私语T-恤(次品),樱花私语T-恤(次品),樱花私语T-恤(次品),樱花私语T-恤(次品),樱花私语T-恤(次品),樱花私语T-恤(次品)
615004Text,,樱花私语T-恤(次品),樱花私语T-恤(次品),樱花私语T-恤(次品),樱花私语T-恤(次品),樱花私语T-恤(次品),樱花私语T-恤(次品),樱花私语T-恤(次品)
615005Name,,星轨魔导T-恤(次品),星轨魔导T-恤(次品),星轨魔导T-恤(次品),星轨魔导T-恤(次品),星轨魔导T-恤(次品),星轨魔导T-恤(次品),星轨魔导T-恤(次品)
615005Text,,星轨魔导T-恤(次品),星轨魔导T-恤(次品),星轨魔导T-恤(次品),星轨魔导T-恤(次品),星轨魔导T-恤(次品),星轨魔导T-恤(次品),星轨魔导T-恤(次品)
615006Name,,雾境魔女T-恤(次品),雾境魔女T-恤(次品),雾境魔女T-恤(次品),雾境魔女T-恤(次品),雾境魔女T-恤(次品),雾境魔女T-恤(次品),雾境魔女T-恤(次品)
615006Text,,雾境魔女T-恤(次品),雾境魔女T-恤(次品),雾境魔女T-恤(次品),雾境魔女T-恤(次品),雾境魔女T-恤(次品),雾境魔女T-恤(次品),雾境魔女T-恤(次品)
615007Name,,月光咒印T-恤(次品),月光咒印T-恤(次品),月光咒印T-恤(次品),月光咒印T-恤(次品),月光咒印T-恤(次品),月光咒印T-恤(次品),月光咒印T-恤(次品)
615007Text,,月光咒印T-恤(次品),月光咒印T-恤(次品),月光咒印T-恤(次品),月光咒印T-恤(次品),月光咒印T-恤(次品),月光咒印T-恤(次品),月光咒印T-恤(次品)
615008Name,,冰晶灵使T-恤(次品),冰晶灵使T-恤(次品),冰晶灵使T-恤(次品),冰晶灵使T-恤(次品),冰晶灵使T-恤(次品),冰晶灵使T-恤(次品),冰晶灵使T-恤(次品)
615008Text,,冰晶灵使T-恤(次品),冰晶灵使T-恤(次品),冰晶灵使T-恤(次品),冰晶灵使T-恤(次品),冰晶灵使T-恤(次品),冰晶灵使T-恤(次品),冰晶灵使T-恤(次品)
615009Name,,云间神谕T-恤(次品),云间神谕T-恤(次品),云间神谕T-恤(次品),云间神谕T-恤(次品),云间神谕T-恤(次品),云间神谕T-恤(次品),云间神谕T-恤(次品)
615009Text,,云间神谕T-恤(次品),云间神谕T-恤(次品),云间神谕T-恤(次品),云间神谕T-恤(次品),云间神谕T-恤(次品),云间神谕T-恤(次品),云间神谕T-恤(次品)
615010Name,,课间碎光T-恤(次品),课间碎光T-恤(次品),课间碎光T-恤(次品),课间碎光T-恤(次品),课间碎光T-恤(次品),课间碎光T-恤(次品),课间碎光T-恤(次品)
615010Text,,课间碎光T-恤(次品),课间碎光T-恤(次品),课间碎光T-恤(次品),课间碎光T-恤(次品),课间碎光T-恤(次品),课间碎光T-恤(次品),课间碎光T-恤(次品)
615011Name,,校服晚风T-恤(次品),校服晚风T-恤(次品),校服晚风T-恤(次品),校服晚风T-恤(次品),校服晚风T-恤(次品),校服晚风T-恤(次品),校服晚风T-恤(次品)
615011Text,,校服晚风T-恤(次品),校服晚风T-恤(次品),校服晚风T-恤(次品),校服晚风T-恤(次品),校服晚风T-恤(次品),校服晚风T-恤(次品),校服晚风T-恤(次品)
615012Name,,操场落日T-恤(次品),操场落日T-恤(次品),操场落日T-恤(次品),操场落日T-恤(次品),操场落日T-恤(次品),操场落日T-恤(次品),操场落日T-恤(次品)
615012Text,,操场落日T-恤(次品),操场落日T-恤(次品),操场落日T-恤(次品),操场落日T-恤(次品),操场落日T-恤(次品),操场落日T-恤(次品),操场落日T-恤(次品)
615013Name,,图书馆秘思T-恤(次品),图书馆秘思T-恤(次品),图书馆秘思T-恤(次品),图书馆秘思T-恤(次品),图书馆秘思T-恤(次品),图书馆秘思T-恤(次品),图书馆秘思T-恤(次品)
615013Text,,图书馆秘思T-恤(次品),图书馆秘思T-恤(次品),图书馆秘思T-恤(次品),图书馆秘思T-恤(次品),图书馆秘思T-恤(次品),图书馆秘思T-恤(次品),图书馆秘思T-恤(次品)
615014Name,,天台告白T-恤(次品),天台告白T-恤(次品),天台告白T-恤(次品),天台告白T-恤(次品),天台告白T-恤(次品),天台告白T-恤(次品),天台告白T-恤(次品)
615014Text,,天台告白T-恤(次品),天台告白T-恤(次品),天台告白T-恤(次品),天台告白T-恤(次品),天台告白T-恤(次品),天台告白T-恤(次品),天台告白T-恤(次品)
615015Name,,月下青衫T-恤(次品),月下青衫T-恤(次品),月下青衫T-恤(次品),月下青衫T-恤(次品),月下青衫T-恤(次品),月下青衫T-恤(次品),月下青衫T-恤(次品)
615015Text,,月下青衫T-恤(次品),月下青衫T-恤(次品),月下青衫T-恤(次品),月下青衫T-恤(次品),月下青衫T-恤(次品),月下青衫T-恤(次品),月下青衫T-恤(次品)
615016Name,,桃枝执扇T-恤(次品),桃枝执扇T-恤(次品),桃枝执扇T-恤(次品),桃枝执扇T-恤(次品),桃枝执扇T-恤(次品),桃枝执扇T-恤(次品),桃枝执扇T-恤(次品)
615016Text,,桃枝执扇T-恤(次品),桃枝执扇T-恤(次品),桃枝执扇T-恤(次品),桃枝执扇T-恤(次品),桃枝执扇T-恤(次品),桃枝执扇T-恤(次品),桃枝执扇T-恤(次品)
615017Name,,山河辞赋T-恤(次品),山河辞赋T-恤(次品),山河辞赋T-恤(次品),山河辞赋T-恤(次品),山河辞赋T-恤(次品),山河辞赋T-恤(次品),山河辞赋T-恤(次品)
615017Text,,山河辞赋T-恤(次品),山河辞赋T-恤(次品),山河辞赋T-恤(次品),山河辞赋T-恤(次品),山河辞赋T-恤(次品),山河辞赋T-恤(次品),山河辞赋T-恤(次品)
615018Name,,云袖清欢T-恤(次品),云袖清欢T-恤(次品),云袖清欢T-恤(次品),云袖清欢T-恤(次品),云袖清欢T-恤(次品),云袖清欢T-恤(次品),云袖清欢T-恤(次品)
615018Text,,云袖清欢T-恤(次品),云袖清欢T-恤(次品),云袖清欢T-恤(次品),云袖清欢T-恤(次品),云袖清欢T-恤(次品),云袖清欢T-恤(次品),云袖清欢T-恤(次品)
615019Name,,灯影红笺T-恤(次品),灯影红笺T-恤(次品),灯影红笺T-恤(次品),灯影红笺T-恤(次品),灯影红笺T-恤(次品),灯影红笺T-恤(次品),灯影红笺T-恤(次品)
615019Text,,灯影红笺T-恤(次品),灯影红笺T-恤(次品),灯影红笺T-恤(次品),灯影红笺T-恤(次品),灯影红笺T-恤(次品),灯影红笺T-恤(次品),灯影红笺T-恤(次品)
615020Name,,霓虹战姬T-恤(次品),霓虹战姬T-恤(次品),霓虹战姬T-恤(次品),霓虹战姬T-恤(次品),霓虹战姬T-恤(次品),霓虹战姬T-恤(次品),霓虹战姬T-恤(次品)
615020Text,,霓虹战姬T-恤(次品),霓虹战姬T-恤(次品),霓虹战姬T-恤(次品),霓虹战姬T-恤(次品),霓虹战姬T-恤(次品),霓虹战姬T-恤(次品),霓虹战姬T-恤(次品)
615021Name,,深空巡卫T-恤(次品),深空巡卫T-恤(次品),深空巡卫T-恤(次品),深空巡卫T-恤(次品),深空巡卫T-恤(次品),深空巡卫T-恤(次品),深空巡卫T-恤(次品)
615021Text,,深空巡卫T-恤(次品),深空巡卫T-恤(次品),深空巡卫T-恤(次品),深空巡卫T-恤(次品),深空巡卫T-恤(次品),深空巡卫T-恤(次品),深空巡卫T-恤(次品)
615022Name,,机甲星旅T-恤(次品),机甲星旅T-恤(次品),机甲星旅T-恤(次品),机甲星旅T-恤(次品),机甲星旅T-恤(次品),机甲星旅T-恤(次品),机甲星旅T-恤(次品)
615022Text,,机甲星旅T-恤(次品),机甲星旅T-恤(次品),机甲星旅T-恤(次品),机甲星旅T-恤(次品),机甲星旅T-恤(次品),机甲星旅T-恤(次品),机甲星旅T-恤(次品)
615023Name,,雨夜刃影T-恤(次品),雨夜刃影T-恤(次品),雨夜刃影T-恤(次品),雨夜刃影T-恤(次品),雨夜刃影T-恤(次品),雨夜刃影T-恤(次品),雨夜刃影T-恤(次品)
615023Text,,雨夜刃影T-恤(次品),雨夜刃影T-恤(次品),雨夜刃影T-恤(次品),雨夜刃影T-恤(次品),雨夜刃影T-恤(次品),雨夜刃影T-恤(次品),雨夜刃影T-恤(次品)
615024Name,,虚空战歌T-恤(次品),虚空战歌T-恤(次品),虚空战歌T-恤(次品),虚空战歌T-恤(次品),虚空战歌T-恤(次品),虚空战歌T-恤(次品),虚空战歌T-恤(次品)
615024Text,,虚空战歌T-恤(次品),虚空战歌T-恤(次品),虚空战歌T-恤(次品),虚空战歌T-恤(次品),虚空战歌T-恤(次品),虚空战歌T-恤(次品),虚空战歌T-恤(次品)
615025Name,,猫屿午后T-恤(次品),猫屿午后T-恤(次品),猫屿午后T-恤(次品),猫屿午后T-恤(次品),猫屿午后T-恤(次品),猫屿午后T-恤(次品),猫屿午后T-恤(次品)
615025Text,,猫屿午后T-恤(次品),猫屿午后T-恤(次品),猫屿午后T-恤(次品),猫屿午后T-恤(次品),猫屿午后T-恤(次品),猫屿午后T-恤(次品),猫屿午后T-恤(次品)
615026Name,,雪落狐踪T-恤(次品),雪落狐踪T-恤(次品),雪落狐踪T-恤(次品),雪落狐踪T-恤(次品),雪落狐踪T-恤(次品),雪落狐踪T-恤(次品),雪落狐踪T-恤(次品)
615026Text,,雪落狐踪T-恤(次品),雪落狐踪T-恤(次品),雪落狐踪T-恤(次品),雪落狐踪T-恤(次品),雪落狐踪T-恤(次品),雪落狐踪T-恤(次品),雪落狐踪T-恤(次品)
615027Name,,深海人鱼T-恤(次品),深海人鱼T-恤(次品),深海人鱼T-恤(次品),深海人鱼T-恤(次品),深海人鱼T-恤(次品),深海人鱼T-恤(次品),深海人鱼T-恤(次品)
615027Text,,深海人鱼T-恤(次品),深海人鱼T-恤(次品),深海人鱼T-恤(次品),深海人鱼T-恤(次品),深海人鱼T-恤(次品),深海人鱼T-恤(次品),深海人鱼T-恤(次品)
615028Name,,林间萤火T-恤(次品),林间萤火T-恤(次品),林间萤火T-恤(次品),林间萤火T-恤(次品),林间萤火T-恤(次品),林间萤火T-恤(次品),林间萤火T-恤(次品)
615028Text,,林间萤火T-恤(次品),林间萤火T-恤(次品),林间萤火T-恤(次品),林间萤火T-恤(次品),林间萤火T-恤(次品),林间萤火T-恤(次品),林间萤火T-恤(次品)
615029Name,,浅海碎浪T-恤(次品),浅海碎浪T-恤(次品),浅海碎浪T-恤(次品),浅海碎浪T-恤(次品),浅海碎浪T-恤(次品),浅海碎浪T-恤(次品),浅海碎浪T-恤(次品)
615029Text,,浅海碎浪T-恤(次品),浅海碎浪T-恤(次品),浅海碎浪T-恤(次品),浅海碎浪T-恤(次品),浅海碎浪T-恤(次品),浅海碎浪T-恤(次品),浅海碎浪T-恤(次品)
